-- Uh Oh
local Players = game:GetService('Players')
local RunService = game:GetService('RunService')

local player = Players.LocalPlayer
local camera = workspace.CurrentCamera

local root = player.Character:WaitForChild('HumanoidRootPart')

camera.CameraType = Enum.CameraType.Scriptable

local frames = {
	{cf=CFrame.new(13.668686,8.790314,11.532961,0.644837,-0.289517,0.707365,0.000000,0.925483,0.378790,-0.764320,-0.244258,0.596785),fov=70.000000,dt=0.017138},
	{cf=CFrame.new(13.668686,8.790344,11.532732,0.644837,-0.289517,0.707365,0.000000,0.925483,0.378790,-0.764320,-0.244258,0.596785),fov=70.000000,dt=0.016162},
	{cf=CFrame.new(13.668686,8.790527,11.532482,0.644837,-0.289517,0.707365,0.000000,0.925483,0.378790,-0.764320,-0.244258,0.596785),fov=70.000000,dt=0.017187},
	{cf=CFrame.new(13.668686,8.790833,11.532244,0.644837,-0.289517,0.707365,-0.000000,0.925483,0.378790,-0.764320,-0.244258,0.596785),fov=70.000000,dt=0.016548},
	{cf=CFrame.new(13.668671,8.791199,11.532015,0.644837,-0.289517,0.707365,-0.000000,0.925483,0.378790,-0.764320,-0.244258,0.596785),fov=70.000000,dt=0.016686},
	{cf=CFrame.new(13.668686,8.791626,11.531794,0.644837,-0.289517,0.707365,-0.000000,0.925483,0.378790,-0.764320,-0.244258,0.596785),fov=70.000000,dt=0.020406},
	{cf=CFrame.new(3.272781,1.862274,-2.794645,-0.639784,-0.176265,0.748069,-0.028106,0.978060,0.206420,-0.768041,0.111039,-0.630701),fov=25.714285,dt=0.053968},
	{cf=CFrame.new(3.350372,1.883667,-2.860081,-0.639784,-0.176265,0.748069,-0.028106,0.978060,0.206420,-0.768040,0.111039,-0.630701),fov=34.285709,dt=0.042792},
	{cf=CFrame.new(3.419357,1.902679,-2.918243,-0.639785,-0.176264,0.748068,-0.028105,0.978060,0.206419,-0.768040,0.111040,-0.630702),fov=40.000000,dt=0.022707},
	{cf=CFrame.new(3.421860,1.903351,-2.920361,-0.639785,-0.176264,0.748068,-0.028105,0.978060,0.206419,-0.768040,0.111040,-0.630702),fov=39.750000,dt=0.024067},
	{cf=CFrame.new(3.424377,1.904053,-2.922478,-0.639785,-0.176264,0.748068,-0.028105,0.978060,0.206419,-0.768040,0.111040,-0.630702),fov=39.250000,dt=0.021669},
	{cf=CFrame.new(3.425629,1.904388,-2.923536,-0.639785,-0.176264,0.748068,-0.028105,0.978060,0.206419,-0.768040,0.111040,-0.630702),fov=39.250000,dt=0.013451},
	{cf=CFrame.new(3.427307,1.904877,-2.924948,-0.639785,-0.176264,0.748068,-0.028105,0.978060,0.206419,-0.768040,0.111040,-0.630702),fov=39.000000,dt=0.016742},
	{cf=CFrame.new(3.428970,1.905334,-2.926359,-0.639785,-0.176264,0.748068,-0.028105,0.978060,0.206419,-0.768040,0.111039,-0.630702),fov=38.749996,dt=0.019007},
	{cf=CFrame.new(3.431061,1.905914,-2.928123,-0.639785,-0.176264,0.748068,-0.028105,0.978060,0.206419,-0.768040,0.111040,-0.630702),fov=38.250000,dt=0.016754},
	{cf=CFrame.new(3.432739,1.906372,-2.929535,-0.639785,-0.176264,0.748068,-0.028105,0.978060,0.206419,-0.768040,0.111040,-0.630702),fov=38.000000,dt=0.017079},
	{cf=CFrame.new(3.432739,1.906372,-2.929535,-0.639785,-0.176264,0.748068,-0.028105,0.978060,0.206419,-0.768040,0.111040,-0.630702),fov=38.040817,dt=0.018539},
	{cf=CFrame.new(3.432739,1.906372,-2.929535,-0.639785,-0.176264,0.748068,-0.028105,0.978060,0.206419,-0.768040,0.111040,-0.630702),fov=38.081635,dt=0.019454},
	{cf=CFrame.new(3.432739,1.906372,-2.929535,-0.639785,-0.176264,0.748068,-0.028105,0.978060,0.206419,-0.768040,0.111040,-0.630702),fov=38.122448,dt=0.017977},
	{cf=CFrame.new(3.432739,1.906372,-2.929535,-0.639785,-0.176264,0.748068,-0.028105,0.978060,0.206419,-0.768040,0.111040,-0.630702),fov=38.163269,dt=0.017946},
	{cf=CFrame.new(3.432739,1.906372,-2.929535,-0.639785,-0.176264,0.748068,-0.028105,0.978060,0.206419,-0.768040,0.111040,-0.630702),fov=38.204082,dt=0.018151},
	{cf=CFrame.new(3.432739,1.906372,-2.929535,-0.639785,-0.176264,0.748068,-0.028105,0.978060,0.206419,-0.768040,0.111040,-0.630702),fov=38.244904,dt=0.019179},
	{cf=CFrame.new(3.432739,1.906372,-2.929535,-0.639785,-0.176264,0.748068,-0.028105,0.978060,0.206419,-0.768040,0.111040,-0.630702),fov=38.285717,dt=0.018947},
	{cf=CFrame.new(3.432739,1.906372,-2.929535,-0.639785,-0.176264,0.748068,-0.028105,0.978060,0.206419,-0.768040,0.111040,-0.630702),fov=38.326530,dt=0.015323},
	{cf=CFrame.new(3.432739,1.906372,-2.929535,-0.639785,-0.176264,0.748068,-0.028105,0.978060,0.206419,-0.768040,0.111040,-0.630702),fov=38.367352,dt=0.016378},
	{cf=CFrame.new(3.432739,1.906372,-2.929535,-0.639785,-0.176264,0.748068,-0.028105,0.978060,0.206419,-0.768040,0.111040,-0.630702),fov=38.408161,dt=0.017524},
	{cf=CFrame.new(3.432739,1.906372,-2.929535,-0.639785,-0.176264,0.748068,-0.028105,0.978060,0.206419,-0.768040,0.111040,-0.630702),fov=38.448978,dt=0.015591},
	{cf=CFrame.new(3.432739,1.906372,-2.929535,-0.639785,-0.176264,0.748068,-0.028105,0.978060,0.206419,-0.768040,0.111040,-0.630702),fov=38.489796,dt=0.014862},
	{cf=CFrame.new(3.432739,1.906372,-2.929535,-0.639785,-0.176264,0.748068,-0.028105,0.978060,0.206419,-0.768040,0.111040,-0.630702),fov=38.530613,dt=0.014649},
	{cf=CFrame.new(3.432739,1.906372,-2.929535,-0.639785,-0.176264,0.748068,-0.028105,0.978060,0.206419,-0.768040,0.111040,-0.630702),fov=38.571430,dt=0.013226},
	{cf=CFrame.new(3.432739,1.906372,-2.929535,-0.639785,-0.176264,0.748068,-0.028105,0.978060,0.206419,-0.768040,0.111040,-0.630702),fov=38.612244,dt=0.015031},
	{cf=CFrame.new(3.432739,1.906372,-2.929535,-0.639785,-0.176264,0.748068,-0.028105,0.978060,0.206419,-0.768040,0.111040,-0.630702),fov=38.653061,dt=0.013950},
	{cf=CFrame.new(3.432739,1.906372,-2.929535,-0.639785,-0.176264,0.748068,-0.028105,0.978060,0.206419,-0.768040,0.111040,-0.630702),fov=38.653061,dt=0.016476},
	{cf=CFrame.new(3.432739,1.906372,-2.929535,-0.639785,-0.176264,0.748068,-0.028105,0.978060,0.206419,-0.768040,0.111040,-0.630702),fov=38.734695,dt=0.021339},
	{cf=CFrame.new(3.432739,1.906372,-2.929535,-0.639785,-0.176264,0.748068,-0.028105,0.978060,0.206419,-0.768040,0.111040,-0.630702),fov=38.775509,dt=0.016959},
	{cf=CFrame.new(3.432739,1.906372,-2.929535,-0.639785,-0.176264,0.748068,-0.028105,0.978060,0.206419,-0.768040,0.111040,-0.630702),fov=38.816326,dt=0.023174},
	{cf=CFrame.new(3.432739,1.906372,-2.929535,-0.639785,-0.176264,0.748068,-0.028105,0.978060,0.206419,-0.768040,0.111040,-0.630702),fov=38.857143,dt=0.014535},
	{cf=CFrame.new(3.432739,1.906372,-2.929535,-0.639785,-0.176264,0.748068,-0.028105,0.978060,0.206419,-0.768040,0.111040,-0.630702),fov=38.897961,dt=0.013076},
	{cf=CFrame.new(3.432739,1.906372,-2.929535,-0.639785,-0.176264,0.748068,-0.028105,0.978060,0.206419,-0.768040,0.111040,-0.630702),fov=38.938774,dt=0.013139},
	{cf=CFrame.new(3.432739,1.906372,-2.929535,-0.639785,-0.176264,0.748068,-0.028105,0.978060,0.206419,-0.768040,0.111040,-0.630702),fov=38.979591,dt=0.013350},
	{cf=CFrame.new(3.432739,1.906372,-2.929535,-0.639785,-0.176264,0.748068,-0.028105,0.978060,0.206419,-0.768040,0.111040,-0.630702),fov=38.979591,dt=0.014638},
	{cf=CFrame.new(3.432739,1.906372,-2.929535,-0.639785,-0.176264,0.748068,-0.028105,0.978060,0.206419,-0.768040,0.111040,-0.630702),fov=39.020409,dt=0.017651},
	{cf=CFrame.new(3.432739,1.906372,-2.929535,-0.639785,-0.176264,0.748068,-0.028105,0.978060,0.206419,-0.768040,0.111040,-0.630702),fov=39.061226,dt=0.016351},
	{cf=CFrame.new(3.432739,1.906372,-2.929535,-0.639785,-0.176264,0.748068,-0.028105,0.978060,0.206419,-0.768040,0.111040,-0.630702),fov=39.102039,dt=0.015907},
	{cf=CFrame.new(3.432739,1.906372,-2.929535,-0.639785,-0.176264,0.748068,-0.028105,0.978060,0.206419,-0.768040,0.111040,-0.630702),fov=39.142857,dt=0.017041},
	{cf=CFrame.new(3.432739,1.906372,-2.929535,-0.639785,-0.176264,0.748068,-0.028105,0.978060,0.206419,-0.768040,0.111040,-0.630702),fov=39.183674,dt=0.017040},
	{cf=CFrame.new(3.432739,1.906372,-2.929535,-0.639785,-0.176264,0.748068,-0.028105,0.978060,0.206419,-0.768040,0.111040,-0.630702),fov=39.224491,dt=0.015886},
	{cf=CFrame.new(3.432739,1.906372,-2.929535,-0.639785,-0.176264,0.748068,-0.028105,0.978060,0.206419,-0.768040,0.111039,-0.630702),fov=39.265305,dt=0.017006},
	{cf=CFrame.new(3.432739,1.906372,-2.929535,-0.639785,-0.176264,0.748068,-0.028105,0.978060,0.206419,-0.768040,0.111040,-0.630702),fov=39.306122,dt=0.017260},
	{cf=CFrame.new(3.432739,1.906372,-2.929535,-0.639785,-0.176264,0.748068,-0.028105,0.978060,0.206419,-0.768040,0.111040,-0.630702),fov=39.346939,dt=0.016058},
	{cf=CFrame.new(3.432739,1.906372,-2.929535,-0.639785,-0.176264,0.748068,-0.028105,0.978060,0.206419,-0.768040,0.111040,-0.630702),fov=39.387756,dt=0.016353},
	{cf=CFrame.new(3.432739,1.906372,-2.929535,-0.639785,-0.176264,0.748068,-0.028105,0.978060,0.206419,-0.768040,0.111040,-0.630702),fov=39.428570,dt=0.017085},
	{cf=CFrame.new(3.432739,1.906372,-2.929535,-0.639785,-0.176264,0.748068,-0.028105,0.978060,0.206419,-0.768040,0.111040,-0.630702),fov=39.469387,dt=0.016589},
	{cf=CFrame.new(3.432739,1.906372,-2.929535,-0.639785,-0.176264,0.748068,-0.028105,0.978060,0.206419,-0.768040,0.111040,-0.630702),fov=39.510204,dt=0.016374},
	{cf=CFrame.new(3.432739,1.906372,-2.929535,-0.639785,-0.176264,0.748068,-0.028105,0.978060,0.206419,-0.768040,0.111040,-0.630702),fov=39.551022,dt=0.017522},
	{cf=CFrame.new(3.432739,1.906372,-2.929535,-0.639785,-0.176264,0.748068,-0.028105,0.978060,0.206419,-0.768040,0.111040,-0.630702),fov=39.591839,dt=0.016181},
	{cf=CFrame.new(3.432739,1.906372,-2.929535,-0.639785,-0.176264,0.748068,-0.028105,0.978060,0.206419,-0.768040,0.111040,-0.630702),fov=39.632656,dt=0.017174},
	{cf=CFrame.new(3.432739,1.906372,-2.929535,-0.639785,-0.176264,0.748068,-0.028105,0.978060,0.206419,-0.768040,0.111040,-0.630702),fov=39.673470,dt=0.016636},
	{cf=CFrame.new(3.432739,1.906372,-2.929535,-0.639785,-0.176264,0.748068,-0.028105,0.978060,0.206419,-0.768040,0.111040,-0.630702),fov=39.714287,dt=0.016045},
	{cf=CFrame.new(3.432739,1.906372,-2.929535,-0.639785,-0.176264,0.748068,-0.028105,0.978060,0.206419,-0.768040,0.111040,-0.630702),fov=39.755104,dt=0.016856},
	{cf=CFrame.new(3.432739,1.906372,-2.929535,-0.639785,-0.176264,0.748068,-0.028105,0.978060,0.206419,-0.768040,0.111040,-0.630702),fov=39.795918,dt=0.017148},
	{cf=CFrame.new(3.432739,1.906372,-2.929535,-0.639785,-0.176264,0.748068,-0.028105,0.978060,0.206419,-0.768040,0.111040,-0.630702),fov=39.836735,dt=0.016056},
	{cf=CFrame.new(3.432739,1.906372,-2.929535,-0.639785,-0.176264,0.748068,-0.028105,0.978060,0.206419,-0.768040,0.111040,-0.630702),fov=39.877552,dt=0.016672},
	{cf=CFrame.new(3.432739,1.906372,-2.929535,-0.639785,-0.176264,0.748068,-0.028105,0.978060,0.206419,-0.768040,0.111040,-0.630702),fov=39.918365,dt=0.016926},
	{cf=CFrame.new(3.432739,1.906372,-2.929535,-0.639785,-0.176264,0.748068,-0.028105,0.978060,0.206419,-0.768040,0.111039,-0.630702),fov=39.959179,dt=0.016198},
	{cf=CFrame.new(3.674179,1.380219,-1.115013,-0.180146,-0.073854,0.980863,0.000664,0.997168,0.075203,-0.983640,0.014199,-0.179587),fov=40.000000,dt=0.016746},
	{cf=CFrame.new(3.754669,1.204803,-0.510092,-0.011119,-0.025540,0.999612,-0.006593,0.999654,0.025468,-0.999916,-0.006307,-0.011284),fov=30.000000,dt=0.021651},
	{cf=CFrame.new(3.754669,1.204803,-0.510092,-0.011119,-0.025540,0.999612,-0.006593,0.999654,0.025468,-0.999916,-0.006307,-0.011284),fov=30.000000,dt=0.016427},
	{cf=CFrame.new(3.754669,1.204803,-0.510092,-0.011119,-0.025540,0.999612,-0.006593,0.999654,0.025468,-0.999916,-0.006307,-0.011284),fov=30.000000,dt=0.016564},
	{cf=CFrame.new(3.754669,1.204803,-0.510092,-0.011119,-0.025540,0.999612,-0.006593,0.999654,0.025468,-0.999916,-0.006307,-0.011284),fov=30.000000,dt=0.018381},
	{cf=CFrame.new(3.754669,1.204803,-0.510092,-0.011119,-0.025540,0.999612,-0.006593,0.999654,0.025468,-0.999916,-0.006307,-0.011284),fov=30.000000,dt=0.012596},
	{cf=CFrame.new(3.754669,1.204803,-0.510092,-0.011119,-0.025540,0.999612,-0.006593,0.999654,0.025468,-0.999916,-0.006307,-0.011284),fov=30.000000,dt=0.017395},
	{cf=CFrame.new(3.754669,1.204803,-0.510092,-0.011119,-0.025540,0.999612,-0.006593,0.999654,0.025468,-0.999916,-0.006307,-0.011284),fov=30.000000,dt=0.018827},
	{cf=CFrame.new(3.754669,1.204803,-0.510092,-0.011119,-0.025540,0.999612,-0.006593,0.999654,0.025468,-0.999916,-0.006307,-0.011284),fov=30.000000,dt=0.019387},
	{cf=CFrame.new(3.754669,1.204803,-0.510092,-0.011119,-0.025540,0.999612,-0.006593,0.999654,0.025468,-0.999916,-0.006307,-0.011284),fov=30.000000,dt=0.018596},
	{cf=CFrame.new(3.754669,1.204803,-0.510092,-0.011119,-0.025540,0.999612,-0.006593,0.999654,0.025468,-0.999916,-0.006307,-0.011284),fov=30.000000,dt=0.019383},
	{cf=CFrame.new(3.754669,1.204803,-0.510092,-0.011119,-0.025540,0.999612,-0.006593,0.999654,0.025468,-0.999916,-0.006307,-0.011284),fov=30.000000,dt=0.034359},
	{cf=CFrame.new(3.754669,1.204803,-0.510092,-0.011119,-0.025540,0.999612,-0.006593,0.999654,0.025468,-0.999916,-0.006307,-0.011284),fov=30.000000,dt=0.019007},
	{cf=CFrame.new(3.754669,1.204803,-0.510092,-0.011119,-0.025540,0.999612,-0.006593,0.999654,0.025468,-0.999916,-0.006307,-0.011284),fov=30.000000,dt=0.018837},
	{cf=CFrame.new(3.754669,1.204803,-0.510092,-0.011119,-0.025540,0.999612,-0.006593,0.999654,0.025468,-0.999916,-0.006307,-0.011284),fov=30.000000,dt=0.017166},
	{cf=CFrame.new(3.754669,1.204803,-0.510092,-0.011119,-0.025540,0.999612,-0.006593,0.999654,0.025468,-0.999916,-0.006307,-0.011284),fov=30.000000,dt=0.019084},
	{cf=CFrame.new(3.754669,1.204803,-0.510092,-0.011119,-0.025540,0.999612,-0.006593,0.999654,0.025468,-0.999916,-0.006307,-0.011284),fov=30.000000,dt=0.020017},
	{cf=CFrame.new(3.754669,1.204803,-0.510092,-0.011119,-0.025540,0.999612,-0.006593,0.999654,0.025468,-0.999916,-0.006307,-0.011284),fov=30.000000,dt=0.018817},
	{cf=CFrame.new(3.754669,1.204803,-0.510092,-0.011119,-0.025540,0.999612,-0.006593,0.999654,0.025468,-0.999916,-0.006307,-0.011284),fov=30.000000,dt=0.017655},
	{cf=CFrame.new(3.754669,1.204803,-0.510092,-0.011119,-0.025540,0.999612,-0.006593,0.999654,0.025468,-0.999916,-0.006307,-0.011284),fov=30.000000,dt=0.016705},
	{cf=CFrame.new(3.754669,1.204803,-0.510092,-0.011119,-0.025540,0.999612,-0.006593,0.999654,0.025468,-0.999916,-0.006307,-0.011284),fov=30.000000,dt=0.015292},
	{cf=CFrame.new(3.754669,1.204803,-0.510092,-0.011119,-0.025540,0.999612,-0.006593,0.999654,0.025468,-0.999916,-0.006307,-0.011284),fov=30.000000,dt=0.015892},
	{cf=CFrame.new(3.754669,1.204803,-0.510092,-0.011119,-0.025540,0.999612,-0.006593,0.999654,0.025468,-0.999916,-0.006307,-0.011284),fov=30.000000,dt=0.014230},
	{cf=CFrame.new(3.754669,1.204803,-0.510092,-0.011119,-0.025540,0.999612,-0.006593,0.999654,0.025468,-0.999916,-0.006307,-0.011284),fov=30.000000,dt=0.015149},
	{cf=CFrame.new(3.754669,1.204803,-0.510092,-0.011119,-0.025540,0.999612,-0.006593,0.999654,0.025468,-0.999916,-0.006307,-0.011284),fov=30.000000,dt=0.013188},
	{cf=CFrame.new(3.754669,1.204803,-0.510092,-0.011119,-0.025540,0.999612,-0.006593,0.999654,0.025468,-0.999916,-0.006307,-0.011284),fov=30.000000,dt=0.015437},
	{cf=CFrame.new(3.754669,1.204803,-0.510092,-0.011119,-0.025540,0.999612,-0.006593,0.999654,0.025468,-0.999916,-0.006307,-0.011284),fov=30.000000,dt=0.016807},
	{cf=CFrame.new(3.754669,1.204803,-0.510092,-0.011119,-0.025540,0.999612,-0.006593,0.999654,0.025468,-0.999916,-0.006307,-0.011284),fov=30.000000,dt=0.018192},
	{cf=CFrame.new(3.754669,1.204803,-0.510092,-0.011120,-0.025540,0.999612,-0.006593,0.999654,0.025468,-0.999917,-0.006307,-0.011284),fov=30.000000,dt=0.015071},
	{cf=CFrame.new(3.754669,1.204803,-0.510092,-0.011119,-0.025540,0.999612,-0.006593,0.999654,0.025468,-0.999916,-0.006307,-0.011284),fov=30.000000,dt=0.016649},
	{cf=CFrame.new(3.754669,1.204803,-0.510092,-0.011119,-0.025540,0.999612,-0.006593,0.999654,0.025468,-0.999916,-0.006307,-0.011284),fov=30.000000,dt=0.017222},
	{cf=CFrame.new(3.754669,1.204803,-0.510092,-0.011120,-0.025540,0.999612,-0.006593,0.999654,0.025468,-0.999917,-0.006307,-0.011284),fov=30.000000,dt=0.016844},
	{cf=CFrame.new(3.754669,1.204803,-0.510092,-0.011120,-0.025540,0.999612,-0.006593,0.999654,0.025468,-0.999917,-0.006307,-0.011284),fov=30.000000,dt=0.016590},
	{cf=CFrame.new(3.754669,1.204803,-0.510092,-0.011119,-0.025540,0.999612,-0.006593,0.999654,0.025468,-0.999916,-0.006307,-0.011284),fov=30.000000,dt=0.016154},
	{cf=CFrame.new(3.754669,1.204803,-0.510092,-0.011120,-0.025540,0.999612,-0.006593,0.999654,0.025468,-0.999917,-0.006307,-0.011284),fov=30.000000,dt=0.016241},
	{cf=CFrame.new(3.754669,1.204803,-0.510092,-0.011120,-0.025540,0.999612,-0.006593,0.999654,0.025468,-0.999917,-0.006307,-0.011284),fov=30.000000,dt=0.016958},
	{cf=CFrame.new(3.754669,1.204803,-0.510092,-0.011119,-0.025540,0.999612,-0.006593,0.999654,0.025468,-0.999916,-0.006307,-0.011284),fov=30.000000,dt=0.017443},
	{cf=CFrame.new(3.754669,1.204803,-0.510092,-0.011120,-0.025540,0.999612,-0.006593,0.999654,0.025468,-0.999917,-0.006307,-0.011284),fov=30.000000,dt=0.015837},
	{cf=CFrame.new(3.754669,1.204803,-0.510092,-0.011120,-0.025540,0.999612,-0.006593,0.999654,0.025468,-0.999917,-0.006307,-0.011284),fov=30.000000,dt=0.016817},
	{cf=CFrame.new(3.754669,1.204803,-0.510092,-0.011120,-0.025540,0.999612,-0.006593,0.999654,0.025468,-0.999917,-0.006307,-0.011284),fov=30.000000,dt=0.019402},
	{cf=CFrame.new(3.754669,1.204803,-0.510092,-0.011120,-0.025540,0.999612,-0.006593,0.999654,0.025468,-0.999917,-0.006307,-0.011284),fov=30.000000,dt=0.025195},
	{cf=CFrame.new(3.754669,1.204803,-0.510092,-0.011120,-0.025540,0.999612,-0.006593,0.999654,0.025468,-0.999917,-0.006307,-0.011284),fov=30.000000,dt=0.015784},
	{cf=CFrame.new(3.754669,1.204803,-0.510092,-0.011120,-0.025540,0.999612,-0.006593,0.999654,0.025468,-0.999917,-0.006307,-0.011284),fov=30.000000,dt=0.014131},
	{cf=CFrame.new(3.754669,1.204803,-0.510092,-0.011120,-0.025540,0.999612,-0.006593,0.999654,0.025468,-0.999917,-0.006307,-0.011284),fov=30.000000,dt=0.014133},
	{cf=CFrame.new(3.754669,1.204803,-0.510092,-0.011120,-0.025540,0.999612,-0.006593,0.999654,0.025468,-0.999917,-0.006307,-0.011284),fov=30.000000,dt=0.012784},
	{cf=CFrame.new(3.754669,1.204803,-0.510092,-0.011120,-0.025540,0.999612,-0.006593,0.999654,0.025468,-0.999917,-0.006307,-0.011284),fov=30.000000,dt=0.015097},
	{cf=CFrame.new(3.754669,1.204803,-0.510092,-0.011120,-0.025540,0.999612,-0.006593,0.999654,0.025468,-0.999917,-0.006307,-0.011284),fov=30.000000,dt=0.016970},
	{cf=CFrame.new(3.754669,1.204803,-0.510092,-0.011120,-0.025540,0.999612,-0.006593,0.999654,0.025468,-0.999917,-0.006307,-0.011284),fov=30.000000,dt=0.016751},
	{cf=CFrame.new(3.754669,1.204803,-0.510092,-0.011120,-0.025540,0.999612,-0.006593,0.999654,0.025468,-0.999917,-0.006307,-0.011284),fov=30.000000,dt=0.016604},
	{cf=CFrame.new(3.754669,1.204803,-0.510092,-0.011120,-0.025540,0.999612,-0.006593,0.999654,0.025468,-0.999917,-0.006307,-0.011284),fov=30.000000,dt=0.016828},
	{cf=CFrame.new(3.754669,1.204803,-0.510092,-0.011120,-0.025540,0.999612,-0.006593,0.999654,0.025468,-0.999917,-0.006307,-0.011284),fov=30.000000,dt=0.016564},
	{cf=CFrame.new(3.754669,1.204803,-0.510092,-0.011120,-0.025540,0.999612,-0.006593,0.999654,0.025468,-0.999917,-0.006307,-0.011284),fov=30.000000,dt=0.016334},
	{cf=CFrame.new(3.754669,1.204803,-0.510092,-0.011120,-0.025540,0.999612,-0.006593,0.999654,0.025468,-0.999917,-0.006307,-0.011284),fov=30.000000,dt=0.017393},
	{cf=CFrame.new(3.754669,1.204803,-0.510092,-0.011120,-0.025540,0.999612,-0.006593,0.999654,0.025468,-0.999917,-0.006307,-0.011284),fov=30.000000,dt=0.016130},
	{cf=CFrame.new(3.754669,1.204803,-0.510092,-0.011120,-0.025540,0.999612,-0.006593,0.999654,0.025468,-0.999917,-0.006307,-0.011284),fov=30.000000,dt=0.017038},
	{cf=CFrame.new(3.754669,1.204803,-0.510092,-0.011120,-0.025540,0.999612,-0.006593,0.999654,0.025468,-0.999917,-0.006307,-0.011284),fov=30.000000,dt=0.016149},
	{cf=CFrame.new(3.754669,1.204803,-0.510092,-0.011120,-0.025540,0.999612,-0.006593,0.999654,0.025468,-0.999917,-0.006307,-0.011284),fov=30.000000,dt=0.017211},
	{cf=CFrame.new(3.754669,1.204803,-0.510092,-0.011120,-0.025540,0.999612,-0.006593,0.999654,0.025468,-0.999917,-0.006307,-0.011284),fov=30.000000,dt=0.016351},
	{cf=CFrame.new(3.723053,1.204803,-0.500582,-0.011170,-0.025537,0.999611,-0.006355,0.999655,0.025467,-0.999917,-0.006068,-0.011328),fov=30.000000,dt=0.019351},
	{cf=CFrame.new(3.659805,1.204834,-0.481562,-0.011271,-0.025532,0.999610,-0.005879,0.999658,0.025467,-0.999919,-0.005589,-0.011417),fov=30.000000,dt=0.019923},
	{cf=CFrame.new(3.607101,1.204834,-0.465710,-0.011355,-0.025528,0.999610,-0.005482,0.999660,0.025467,-0.999920,-0.005190,-0.011491),fov=30.000000,dt=0.021102},
	{cf=CFrame.new(3.564941,1.204834,-0.453030,-0.011422,-0.025524,0.999609,-0.005164,0.999662,0.025467,-0.999921,-0.004871,-0.011550),fov=30.000000,dt=0.019536},
	{cf=CFrame.new(3.512238,1.204865,-0.437180,-0.011506,-0.025520,0.999608,-0.004767,0.999664,0.025467,-0.999923,-0.004472,-0.011624),fov=30.000000,dt=0.018473},
	{cf=CFrame.new(3.406830,1.204865,-0.405479,-0.011674,-0.025511,0.999606,-0.003973,0.999668,0.025466,-0.999924,-0.003675,-0.011772),fov=30.000000,dt=0.015318},
	{cf=CFrame.new(3.280334,1.204895,-0.367439,-0.011875,-0.025501,0.999604,-0.003021,0.999671,0.025466,-0.999925,-0.002717,-0.011948),fov=30.000000,dt=0.019753},
	{cf=CFrame.new(3.122223,1.204926,-0.319887,-0.012128,-0.025487,0.999602,-0.001830,0.999674,0.025467,-0.999925,-0.001521,-0.012170),fov=29.166670,dt=0.019391},
	{cf=CFrame.new(2.964111,1.204956,-0.272337,-0.012380,-0.025473,0.999599,-0.000640,0.999675,0.025467,-0.999923,-0.000324,-0.012392),fov=27.500000,dt=0.019619},
	{cf=CFrame.new(2.806000,1.204987,-0.224785,-0.012633,-0.025459,0.999596,0.000551,0.999675,0.025468,-0.999920,0.000872,-0.012615),fov=26.666668,dt=0.020051},
	{cf=CFrame.new(2.588135,1.205017,-0.183178,-0.012768,-0.025451,0.999595,0.001186,0.999675,0.025468,-0.999918,0.001511,-0.012733),fov=25.833332,dt=0.018515},
	{cf=CFrame.new(2.201584,1.205048,-0.126713,-0.012851,-0.025446,0.999594,0.001583,0.999674,0.025468,-0.999916,0.001910,-0.012807),fov=25.000000,dt=0.019106},
	{cf=CFrame.new(1.892349,1.205048,-0.081539,-0.012918,-0.025442,0.999593,0.001900,0.999674,0.025469,-0.999915,0.002229,-0.012865),fov=23.333332,dt=0.019649},
	{cf=CFrame.new(1.505798,1.205078,-0.025072,-0.013001,-0.025437,0.999592,0.002297,0.999673,0.025469,-0.999913,0.002627,-0.012939),fov=21.666668,dt=0.017837},
	{cf=CFrame.new(0.534698,1.205078,0.619190,-0.013001,-0.025437,0.999592,0.002297,0.999673,0.025469,-0.999913,0.002627,-0.012939),fov=20.000000,dt=0.020957},
	{cf=CFrame.new(0.025192,-0.908508,4.234644,0.999468,-0.025410,-0.020450,0.025351,0.999674,-0.003150,0.020523,0.002630,0.999786),fov=35.400002,dt=0.028209},
	{cf=CFrame.new(0.025192,-0.818329,4.257767,0.999468,-0.025415,-0.020454,0.025356,0.999674,-0.003151,0.020527,0.002630,0.999786),fov=35.799999,dt=0.018481},
	{cf=CFrame.new(0.025192,-0.746155,4.276264,0.999468,-0.025419,-0.020457,0.025360,0.999673,-0.003151,0.020530,0.002631,0.999786),fov=36.200001,dt=0.017292},
	{cf=CFrame.new(0.025177,-0.547760,4.327137,0.999467,-0.025430,-0.020466,0.025371,0.999673,-0.003153,0.020539,0.002632,0.999786),fov=37.076923,dt=0.045963},
	{cf=CFrame.new(0.025177,-0.457581,4.350260,0.999467,-0.025435,-0.020470,0.025376,0.999673,-0.003153,0.020543,0.002632,0.999785),fov=37.153843,dt=0.022782},
	{cf=CFrame.new(0.025177,-0.363739,4.368765,0.999467,-0.025435,-0.020470,0.025376,0.999673,-0.003153,0.020543,0.002632,0.999785),fov=37.307693,dt=0.032973},
	{cf=CFrame.new(0.025162,-0.293365,4.382643,0.999467,-0.025435,-0.020470,0.025376,0.999673,-0.003153,0.020543,0.002632,0.999785),fov=37.461533,dt=0.022200},
	{cf=CFrame.new(0.025162,-0.222992,4.396523,0.999467,-0.025435,-0.020470,0.025376,0.999673,-0.003153,0.020543,0.002632,0.999785),fov=37.538464,dt=0.028543},
	{cf=CFrame.new(0.025162,-0.154358,4.405779,0.999467,-0.025435,-0.020470,0.025376,0.999673,-0.003153,0.020543,0.002632,0.999785),fov=37.692310,dt=0.032414},
	{cf=CFrame.new(0.025162,-0.127258,4.405783,0.999467,-0.025435,-0.020470,0.025376,0.999673,-0.003154,0.020543,0.002632,0.999785),fov=37.846149,dt=0.018880},
	{cf=CFrame.new(0.025162,-0.105560,4.405787,0.999467,-0.025435,-0.020470,0.025376,0.999673,-0.003154,0.020543,0.002632,0.999785),fov=37.923077,dt=0.017945},
	{cf=CFrame.new(0.025162,-0.073029,4.405792,0.999467,-0.025435,-0.020470,0.025376,0.999673,-0.003154,0.020543,0.002632,0.999785),fov=38.000000,dt=0.022574},
	{cf=CFrame.new(0.025162,-0.046112,4.405796,0.999467,-0.025435,-0.020470,0.025376,0.999673,-0.003154,0.020543,0.002633,0.999785),fov=38.076923,dt=0.023650},
	{cf=CFrame.new(0.025162,-0.019226,4.405800,0.999467,-0.025435,-0.020470,0.025376,0.999673,-0.003154,0.020543,0.002633,0.999785),fov=38.230770,dt=0.024307},
	{cf=CFrame.new(0.025162,0.007629,4.405804,0.999467,-0.025435,-0.020470,0.025376,0.999673,-0.003154,0.020543,0.002633,0.999785),fov=38.307693,dt=0.016702},
	{cf=CFrame.new(0.025162,0.034515,4.405806,0.999467,-0.025435,-0.020470,0.025376,0.999673,-0.003154,0.020543,0.002633,0.999785),fov=38.384617,dt=0.020992},
	{cf=CFrame.new(0.025162,0.061401,4.405809,0.999467,-0.025435,-0.020470,0.025376,0.999673,-0.003154,0.020543,0.002633,0.999785),fov=38.461536,dt=0.023013},
	{cf=CFrame.new(0.025162,0.087799,4.405811,0.999467,-0.025435,-0.020470,0.025376,0.999673,-0.003154,0.020543,0.002633,0.999785),fov=38.615383,dt=0.018124},
	{cf=CFrame.new(0.025162,0.108917,4.405811,0.999467,-0.025435,-0.020470,0.025376,0.999673,-0.003154,0.020543,0.002633,0.999785),fov=38.692307,dt=0.018522},
	{cf=CFrame.new(0.025162,0.135315,4.405813,0.999467,-0.025435,-0.020470,0.025376,0.999673,-0.003154,0.020543,0.002633,0.999785),fov=38.769230,dt=0.019999},
	{cf=CFrame.new(0.025162,0.161713,4.405815,0.999467,-0.025435,-0.020470,0.025376,0.999673,-0.003154,0.020543,0.002633,0.999785),fov=38.846153,dt=0.018821},
	{cf=CFrame.new(0.025162,0.182800,4.405815,0.999467,-0.025435,-0.020470,0.025376,0.999673,-0.003154,0.020543,0.002633,0.999785),fov=38.923080,dt=0.019533},
	{cf=CFrame.new(0.025162,0.209015,4.405815,0.999467,-0.025435,-0.020470,0.025376,0.999673,-0.003154,0.020543,0.002633,0.999785),fov=39.000000,dt=0.020261},
	{cf=CFrame.new(0.025162,0.229950,4.405815,0.999467,-0.025435,-0.020470,0.025376,0.999673,-0.003154,0.020543,0.002633,0.999785),fov=39.076927,dt=0.017593},
	{cf=CFrame.new(0.025162,0.256104,4.405815,0.999467,-0.025435,-0.020470,0.025376,0.999673,-0.003154,0.020543,0.002633,0.999785),fov=39.262821,dt=0.016827},
	{cf=CFrame.new(0.025162,0.277039,4.405815,0.999467,-0.025435,-0.020470,0.025376,0.999673,-0.003154,0.020543,0.002633,0.999785),fov=39.355770,dt=0.018626},
	{cf=CFrame.new(0.025162,0.297943,4.405815,0.999467,-0.025435,-0.020470,0.025376,0.999673,-0.003154,0.020543,0.002633,0.999785),fov=39.448719,dt=0.016907},
	{cf=CFrame.new(0.025162,0.318878,4.405817,0.999467,-0.025435,-0.020470,0.025376,0.999673,-0.003154,0.020543,0.002633,0.999785),fov=39.541668,dt=0.017349},
	{cf=CFrame.new(0.025162,0.339813,4.405817,0.999467,-0.025435,-0.020470,0.025376,0.999673,-0.003154,0.020543,0.002633,0.999785),fov=39.634617,dt=0.017755},
	{cf=CFrame.new(0.025162,0.360718,4.405817,0.999467,-0.025435,-0.020470,0.025376,0.999673,-0.003154,0.020543,0.002633,0.999785),fov=39.791664,dt=0.016575},
	{cf=CFrame.new(0.025162,0.381653,4.405817,0.999467,-0.025435,-0.020470,0.025376,0.999673,-0.003154,0.020543,0.002633,0.999785),fov=39.948719,dt=0.015584},
	{cf=CFrame.new(0.025162,0.407806,4.405817,0.999467,-0.025435,-0.020470,0.025376,0.999673,-0.003154,0.020543,0.002633,0.999785),fov=40.105770,dt=0.020081},
	{cf=CFrame.new(0.025162,0.428741,4.405817,0.999467,-0.025435,-0.020470,0.025376,0.999673,-0.003154,0.020543,0.002633,0.999785),fov=40.262817,dt=0.018260},
	{cf=CFrame.new(0.025162,0.454407,4.405817,0.999467,-0.025435,-0.020470,0.025376,0.999673,-0.003154,0.020543,0.002633,0.999785),fov=40.419872,dt=0.018894},
	{cf=CFrame.new(0.025162,0.474670,4.405817,0.999467,-0.025435,-0.020470,0.025376,0.999673,-0.003154,0.020543,0.002633,0.999785),fov=40.576923,dt=0.017283},
	{cf=CFrame.new(0.025162,0.494934,4.405819,0.999467,-0.025435,-0.020470,0.025376,0.999673,-0.003154,0.020543,0.002633,0.999785),fov=40.782051,dt=0.017148},
	{cf=CFrame.new(0.025162,0.520294,4.405819,0.999467,-0.025435,-0.020470,0.025376,0.999673,-0.003154,0.020543,0.002633,0.999785),fov=40.987183,dt=0.018813},
	{cf=CFrame.new(0.025162,0.540558,4.405819,0.999467,-0.025435,-0.020470,0.025376,0.999673,-0.003154,0.020543,0.002633,0.999785),fov=41.192307,dt=0.020982},
	{cf=CFrame.new(0.025146,0.588257,4.405075,0.999467,-0.025444,-0.020459,0.025376,0.999672,-0.003583,0.020543,0.003062,0.999784),fov=42.000000,dt=0.037387},
	{cf=CFrame.new(0.025146,0.611145,4.404457,0.999467,-0.025451,-0.020450,0.025376,0.999670,-0.003941,0.020543,0.003420,0.999783),fov=42.277779,dt=0.023506},
	{cf=CFrame.new(0.025146,0.633331,4.402849,0.999467,-0.025470,-0.020426,0.025376,0.999666,-0.004872,0.020543,0.004351,0.999779),fov=42.555557,dt=0.018015},
	{cf=CFrame.new(0.025146,0.650940,4.401363,0.999467,-0.025488,-0.020404,0.025376,0.999662,-0.005731,0.020543,0.005211,0.999775),fov=42.833332,dt=0.017283},
	{cf=CFrame.new(0.025146,0.668549,4.399879,0.999467,-0.025505,-0.020382,0.025376,0.999656,-0.006591,0.020543,0.006070,0.999771),fov=43.111107,dt=0.019038},
	{cf=CFrame.new(0.025146,0.690552,4.398024,0.999467,-0.025527,-0.020355,0.025376,0.999649,-0.007665,0.020543,0.007144,0.999763),fov=43.666668,dt=0.020645},
	{cf=CFrame.new(0.025146,0.712555,4.396166,0.999467,-0.025549,-0.020327,0.025376,0.999640,-0.008739,0.020543,0.008218,0.999755),fov=43.888889,dt=0.018781},
	{cf=CFrame.new(0.025131,0.728607,4.394327,0.999467,-0.025571,-0.020300,0.025376,0.999630,-0.009813,0.020543,0.009292,0.999746),fov=44.111111,dt=0.018064},
	{cf=CFrame.new(0.025085,0.743103,4.392136,0.999467,-0.025597,-0.020267,0.025376,0.999616,-0.011101,0.020543,0.010581,0.999733),fov=44.333328,dt=0.016614},
	{cf=CFrame.new(0.025024,0.757599,4.389944,0.999467,-0.025623,-0.020234,0.025376,0.999601,-0.012390,0.020543,0.011870,0.999718),fov=44.333328,dt=0.016428},
	{cf=CFrame.new(0.024979,0.775726,4.387205,0.999467,-0.025656,-0.020192,0.025376,0.999580,-0.014001,0.020543,0.013481,0.999698),fov=44.333328,dt=0.019033},
	{cf=CFrame.new(0.024933,0.786591,4.385561,0.999467,-0.025675,-0.020168,0.025376,0.999566,-0.014968,0.020543,0.014448,0.999685),fov=44.333328,dt=0.014114},
	{cf=CFrame.new(0.024902,0.797485,4.383917,0.999467,-0.025695,-0.020143,0.025376,0.999551,-0.015934,0.020543,0.015415,0.999670),fov=44.333328,dt=0.012547},
	{cf=CFrame.new(0.024872,0.808350,4.382275,0.999467,-0.025714,-0.020118,0.025376,0.999535,-0.016901,0.020543,0.016381,0.999655),fov=44.333328,dt=0.013322},
	{cf=CFrame.new(0.024796,0.817413,4.380842,0.999467,-0.025731,-0.020095,0.025375,0.999520,-0.017760,0.020543,0.017240,0.999640),fov=44.333328,dt=0.013073},
	{cf=CFrame.new(0.024704,0.829468,4.378933,0.999467,-0.025756,-0.020067,0.025377,0.999499,-0.018906,0.020544,0.018387,0.999620),fov=44.333328,dt=0.016287},
	{cf=CFrame.new(0.024612,0.841522,4.377024,0.999467,-0.025778,-0.020037,0.025377,0.999477,-0.020051,0.020544,0.019532,0.999598),fov=44.222221,dt=0.016352},
	{cf=CFrame.new(0.024460,0.849091,4.376637,0.999467,-0.025784,-0.020030,0.025376,0.999471,-0.020338,0.020544,0.019819,0.999592),fov=44.111111,dt=0.017592},
	{cf=CFrame.new(0.024307,0.855133,4.376757,0.999467,-0.025784,-0.020030,0.025376,0.999471,-0.020338,0.020544,0.019819,0.999592),fov=44.000004,dt=0.015488},
	{cf=CFrame.new(0.024155,0.861176,4.376877,0.999467,-0.025784,-0.020030,0.025376,0.999471,-0.020338,0.020544,0.019819,0.999592),fov=43.888889,dt=0.016906},
	{cf=CFrame.new(0.024002,0.867218,4.376995,0.999467,-0.025784,-0.020030,0.025376,0.999471,-0.020338,0.020544,0.019819,0.999592),fov=43.777779,dt=0.016790},
	{cf=CFrame.new(0.023849,0.873260,4.377115,0.999467,-0.025784,-0.020030,0.025376,0.999471,-0.020338,0.020544,0.019819,0.999592),fov=43.666668,dt=0.016663},
	{cf=CFrame.new(0.023682,0.879303,4.377235,0.999467,-0.025784,-0.020030,0.025376,0.999471,-0.020338,0.020544,0.019819,0.999592),fov=43.041668,dt=0.016408},
	{cf=CFrame.new(0.023575,0.883545,4.377319,0.999467,-0.025784,-0.020030,0.025376,0.999471,-0.020338,0.020544,0.019819,0.999592),fov=42.416664,dt=0.016990},
	{cf=CFrame.new(0.023483,0.887177,4.377392,0.999467,-0.025784,-0.020030,0.025376,0.999471,-0.020338,0.020544,0.019819,0.999592),fov=41.791668,dt=0.016438},
	{cf=CFrame.new(0.023392,0.890808,4.377462,0.999467,-0.025784,-0.020030,0.025376,0.999471,-0.020338,0.020544,0.019819,0.999592),fov=41.166668,dt=0.017224},
	{cf=CFrame.new(0.023300,0.894409,4.377535,0.999467,-0.025784,-0.020030,0.025376,0.999471,-0.020338,0.020544,0.019819,0.999592),fov=40.541672,dt=0.015869},
	{cf=CFrame.new(0.023209,0.898041,4.377605,0.999467,-0.025784,-0.020030,0.025376,0.999471,-0.020338,0.020544,0.019819,0.999592),fov=39.916668,dt=0.017148},
	{cf=CFrame.new(0.023117,0.901672,4.377678,0.999467,-0.025784,-0.020030,0.025376,0.999471,-0.020338,0.020544,0.019819,0.999592),fov=38.777779,dt=0.016452},
	{cf=CFrame.new(0.023041,0.904388,4.377731,0.999467,-0.025784,-0.020030,0.025376,0.999471,-0.020338,0.020544,0.019819,0.999592),fov=37.638889,dt=0.017065},
	{cf=CFrame.new(0.022964,0.907410,4.377792,0.999467,-0.025784,-0.020030,0.025376,0.999471,-0.020338,0.020544,0.019819,0.999592),fov=36.500000,dt=0.017366},
	{cf=CFrame.new(0.022919,0.909241,4.377829,0.999467,-0.025784,-0.020030,0.025376,0.999471,-0.020338,0.020544,0.019819,0.999592),fov=33.200001,dt=0.015631},
	{cf=CFrame.new(0.021805,0.952484,4.378687,0.999467,-0.025784,-0.020030,0.025376,0.999471,-0.020338,0.020544,0.019819,0.999592),fov=29.900000,dt=0.016394},
	{cf=CFrame.new(0.020325,1.009338,4.379814,0.999467,-0.025784,-0.020030,0.025376,0.999471,-0.020338,0.020544,0.019819,0.999592),fov=26.600000,dt=0.016972},
	{cf=CFrame.new(0.018860,1.066223,4.380943,0.999467,-0.025784,-0.020030,0.025376,0.999471,-0.020338,0.020544,0.019819,0.999592),fov=23.300001,dt=0.016632},
	{cf=CFrame.new(2.836075,1.629272,-0.705553,0.023006,-0.171934,0.984840,0.026230,0.984865,0.171325,-0.999391,0.021890,0.027167),fov=20.000000,dt=0.016684},
	{cf=CFrame.new(3.776031,1.812378,-2.402536,-0.476528,-0.197364,0.856719,-0.031813,0.977709,0.207542,-0.878583,0.071645,-0.472185),fov=30.000000,dt=0.016763},
	{cf=CFrame.new(3.776031,1.812378,-2.402536,-0.476528,-0.197364,0.856719,-0.031813,0.977709,0.207542,-0.878583,0.071645,-0.472185),fov=30.000000,dt=0.016634},
	{cf=CFrame.new(3.776031,1.812378,-2.402536,-0.476528,-0.197364,0.856719,-0.031813,0.977709,0.207542,-0.878583,0.071645,-0.472185),fov=30.000000,dt=0.016006},
	{cf=CFrame.new(3.776031,1.812378,-2.402536,-0.476528,-0.197364,0.856719,-0.031813,0.977709,0.207542,-0.878583,0.071645,-0.472185),fov=30.000000,dt=0.016785},
	{cf=CFrame.new(3.776031,1.812378,-2.402536,-0.476528,-0.197364,0.856719,-0.031813,0.977709,0.207542,-0.878583,0.071645,-0.472185),fov=30.000000,dt=0.017250},
	{cf=CFrame.new(3.776031,1.812378,-2.402536,-0.476528,-0.197364,0.856719,-0.031813,0.977709,0.207542,-0.878583,0.071645,-0.472185),fov=30.000000,dt=0.016030},
	{cf=CFrame.new(3.776031,1.812378,-2.402536,-0.476528,-0.197364,0.856719,-0.031813,0.977709,0.207542,-0.878583,0.071645,-0.472185),fov=30.000000,dt=0.016919},
	{cf=CFrame.new(3.776031,1.812378,-2.402536,-0.476528,-0.197364,0.856719,-0.031813,0.977709,0.207542,-0.878583,0.071645,-0.472185),fov=30.000000,dt=0.025276},
	{cf=CFrame.new(3.776031,1.812378,-2.402536,-0.476528,-0.197364,0.856719,-0.031813,0.977709,0.207542,-0.878583,0.071645,-0.472185),fov=30.000000,dt=0.015706},
	{cf=CFrame.new(3.776031,1.812378,-2.402536,-0.476528,-0.197364,0.856719,-0.031813,0.977709,0.207542,-0.878583,0.071645,-0.472185),fov=30.000000,dt=0.013942},
	{cf=CFrame.new(3.776031,1.812378,-2.402536,-0.476528,-0.197364,0.856719,-0.031813,0.977709,0.207542,-0.878583,0.071645,-0.472185),fov=30.000000,dt=0.014499},
	{cf=CFrame.new(3.776031,1.812378,-2.402536,-0.476528,-0.197364,0.856719,-0.031813,0.977709,0.207542,-0.878583,0.071645,-0.472185),fov=30.000000,dt=0.019375},
	{cf=CFrame.new(3.776031,1.812378,-2.402536,-0.476528,-0.197364,0.856719,-0.031813,0.977709,0.207542,-0.878583,0.071645,-0.472185),fov=30.000000,dt=0.017893},
	{cf=CFrame.new(3.776031,1.812378,-2.402536,-0.476528,-0.197364,0.856719,-0.031813,0.977709,0.207542,-0.878583,0.071645,-0.472185),fov=30.000000,dt=0.017715},
	{cf=CFrame.new(3.776031,1.812378,-2.402536,-0.476528,-0.197364,0.856719,-0.031813,0.977709,0.207542,-0.878583,0.071645,-0.472185),fov=30.000000,dt=0.014349},
	{cf=CFrame.new(3.776031,1.812378,-2.402536,-0.476528,-0.197364,0.856719,-0.031813,0.977709,0.207542,-0.878583,0.071645,-0.472185),fov=30.000000,dt=0.017952},
	{cf=CFrame.new(3.776031,1.812378,-2.402536,-0.476528,-0.197364,0.856719,-0.031813,0.977709,0.207542,-0.878583,0.071645,-0.472185),fov=30.000000,dt=0.022379},
	{cf=CFrame.new(3.776031,1.812378,-2.402536,-0.476528,-0.197364,0.856719,-0.031813,0.977709,0.207542,-0.878583,0.071645,-0.472185),fov=30.000000,dt=0.025084},
	{cf=CFrame.new(3.776031,1.812378,-2.402536,-0.476528,-0.197364,0.856719,-0.031813,0.977709,0.207542,-0.878583,0.071645,-0.472185),fov=30.000000,dt=0.020190},
	{cf=CFrame.new(3.776031,1.812378,-2.402536,-0.476528,-0.197364,0.856719,-0.031813,0.977709,0.207542,-0.878583,0.071645,-0.472185),fov=30.000000,dt=0.018524},
	{cf=CFrame.new(3.776031,1.812378,-2.402536,-0.476528,-0.197364,0.856719,-0.031813,0.977709,0.207542,-0.878583,0.071645,-0.472185),fov=30.000000,dt=0.020138},
	{cf=CFrame.new(3.776031,1.812378,-2.402536,-0.476528,-0.197364,0.856719,-0.031813,0.977709,0.207542,-0.878583,0.071645,-0.472185),fov=30.000000,dt=0.019249},
	{cf=CFrame.new(3.776031,1.812378,-2.402536,-0.476528,-0.197364,0.856719,-0.031813,0.977709,0.207542,-0.878583,0.071645,-0.472185),fov=30.000000,dt=0.022194},
	{cf=CFrame.new(3.776031,1.812378,-2.402536,-0.476528,-0.197364,0.856719,-0.031813,0.977709,0.207542,-0.878583,0.071645,-0.472185),fov=30.000000,dt=0.022021},
	{cf=CFrame.new(3.776031,1.812378,-2.402536,-0.476528,-0.197364,0.856719,-0.031813,0.977709,0.207542,-0.878583,0.071645,-0.472185),fov=30.000000,dt=0.025850},
	{cf=CFrame.new(3.776031,1.812378,-2.402536,-0.476528,-0.197364,0.856719,-0.031813,0.977709,0.207542,-0.878583,0.071645,-0.472185),fov=30.000000,dt=0.028805},
	{cf=CFrame.new(3.776031,1.812378,-2.402536,-0.476528,-0.197364,0.856719,-0.031813,0.977709,0.207542,-0.878583,0.071645,-0.472185),fov=30.000000,dt=0.019697},
	{cf=CFrame.new(3.776031,1.812378,-2.402536,-0.476528,-0.197364,0.856719,-0.031813,0.977709,0.207542,-0.878583,0.071645,-0.472185),fov=30.000000,dt=0.016949},
	{cf=CFrame.new(3.776031,1.812378,-2.402536,-0.476528,-0.197364,0.856719,-0.031813,0.977709,0.207542,-0.878583,0.071645,-0.472185),fov=30.000000,dt=0.015399},
	{cf=CFrame.new(3.776031,1.812378,-2.402536,-0.476528,-0.197364,0.856719,-0.031813,0.977709,0.207542,-0.878583,0.071645,-0.472185),fov=30.000000,dt=0.016786},
	{cf=CFrame.new(3.776031,1.812378,-2.402536,-0.476528,-0.197364,0.856719,-0.031813,0.977709,0.207542,-0.878583,0.071645,-0.472185),fov=30.000000,dt=0.017286},
	{cf=CFrame.new(3.776031,1.812378,-2.402536,-0.476528,-0.197364,0.856720,-0.031813,0.977709,0.207542,-0.878584,0.071645,-0.472184),fov=30.000000,dt=0.015685},
	{cf=CFrame.new(3.776031,1.812378,-2.402536,-0.476528,-0.197364,0.856719,-0.031813,0.977709,0.207542,-0.878583,0.071645,-0.472185),fov=30.000000,dt=0.017146},
	{cf=CFrame.new(3.776031,1.812378,-2.402536,-0.476528,-0.197364,0.856719,-0.031813,0.977709,0.207542,-0.878583,0.071645,-0.472185),fov=30.000000,dt=0.016685},
	{cf=CFrame.new(3.776031,1.812378,-2.402536,-0.476528,-0.197364,0.856719,-0.031813,0.977709,0.207542,-0.878583,0.071645,-0.472185),fov=30.000000,dt=0.016416},
	{cf=CFrame.new(3.776031,1.812378,-2.402536,-0.476528,-0.197364,0.856719,-0.031813,0.977709,0.207542,-0.878583,0.071645,-0.472185),fov=30.000000,dt=0.017359},
	{cf=CFrame.new(3.776031,1.812378,-2.402536,-0.476528,-0.197364,0.856719,-0.031813,0.977709,0.207542,-0.878583,0.071645,-0.472185),fov=30.000000,dt=0.015966},
	{cf=CFrame.new(3.776031,1.812378,-2.402536,-0.476528,-0.197364,0.856719,-0.031813,0.977709,0.207542,-0.878583,0.071645,-0.472185),fov=30.000000,dt=0.016853},
	{cf=CFrame.new(3.776031,1.812378,-2.402536,-0.476528,-0.197364,0.856719,-0.031813,0.977709,0.207542,-0.878583,0.071645,-0.472185),fov=30.000000,dt=0.017242},
	{cf=CFrame.new(3.776031,1.812378,-2.402536,-0.476528,-0.197364,0.856719,-0.031813,0.977709,0.207542,-0.878583,0.071645,-0.472185),fov=30.000000,dt=0.016244},
	{cf=CFrame.new(3.776031,1.812378,-2.402536,-0.476528,-0.197364,0.856719,-0.031813,0.977709,0.207542,-0.878583,0.071645,-0.472185),fov=30.000000,dt=0.016434},
	{cf=CFrame.new(3.776031,1.812378,-2.402536,-0.476528,-0.197364,0.856719,-0.031813,0.977709,0.207542,-0.878583,0.071645,-0.472185),fov=30.000000,dt=0.016598},
	{cf=CFrame.new(3.776031,1.812378,-2.402536,-0.476528,-0.197364,0.856719,-0.031813,0.977709,0.207542,-0.878583,0.071645,-0.472185),fov=30.000000,dt=0.016644},
	{cf=CFrame.new(3.776031,1.812378,-2.402536,-0.476528,-0.197364,0.856719,-0.031813,0.977709,0.207542,-0.878583,0.071645,-0.472185),fov=30.000000,dt=0.016242},
	{cf=CFrame.new(3.776031,1.812378,-2.402536,-0.476528,-0.197364,0.856719,-0.031813,0.977709,0.207542,-0.878583,0.071645,-0.472185),fov=30.000000,dt=0.017205},
	{cf=CFrame.new(3.776031,1.812378,-2.402536,-0.476528,-0.197364,0.856719,-0.031813,0.977709,0.207542,-0.878583,0.071645,-0.472185),fov=30.000000,dt=0.016757},
	{cf=CFrame.new(3.776031,1.812378,-2.402536,-0.476528,-0.197364,0.856719,-0.031813,0.977709,0.207542,-0.878583,0.071645,-0.472185),fov=30.000000,dt=0.016446},
	{cf=CFrame.new(3.776031,1.812378,-2.402536,-0.476528,-0.197364,0.856719,-0.031813,0.977709,0.207542,-0.878583,0.071645,-0.472185),fov=30.000000,dt=0.016741},
	{cf=CFrame.new(3.776031,1.812378,-2.402536,-0.476528,-0.197364,0.856719,-0.031813,0.977709,0.207542,-0.878583,0.071645,-0.472185),fov=30.000000,dt=0.016437},
	{cf=CFrame.new(3.776031,1.812378,-2.402536,-0.476528,-0.197364,0.856719,-0.031813,0.977709,0.207542,-0.878583,0.071645,-0.472185),fov=30.000000,dt=0.016494},
	{cf=CFrame.new(3.776031,1.812378,-2.402536,-0.476528,-0.197364,0.856719,-0.031813,0.977709,0.207542,-0.878583,0.071645,-0.472185),fov=30.000000,dt=0.017348},
	{cf=CFrame.new(3.776031,1.812378,-2.402536,-0.476528,-0.197364,0.856719,-0.031813,0.977709,0.207542,-0.878583,0.071645,-0.472185),fov=30.000000,dt=0.016455},
	{cf=CFrame.new(3.776031,1.812378,-2.402536,-0.476528,-0.197364,0.856719,-0.031813,0.977709,0.207542,-0.878583,0.071645,-0.472185),fov=30.000000,dt=0.016380},
	{cf=CFrame.new(3.776031,1.812378,-2.402536,-0.476528,-0.197364,0.856719,-0.031813,0.977709,0.207542,-0.878583,0.071645,-0.472185),fov=30.000000,dt=0.016825},
	{cf=CFrame.new(3.776031,1.812378,-2.402536,-0.476528,-0.197364,0.856719,-0.031813,0.977709,0.207542,-0.878583,0.071645,-0.472185),fov=30.000000,dt=0.017107},
	{cf=CFrame.new(3.776031,1.812378,-2.402536,-0.476528,-0.197364,0.856719,-0.031813,0.977709,0.207542,-0.878583,0.071645,-0.472185),fov=30.000000,dt=0.016158},
	{cf=CFrame.new(3.776031,1.812378,-2.402536,-0.476528,-0.197364,0.856719,-0.031813,0.977709,0.207542,-0.878583,0.071645,-0.472185),fov=30.000000,dt=0.016751},
	{cf=CFrame.new(3.776031,1.812378,-2.402536,-0.476528,-0.197364,0.856719,-0.031813,0.977709,0.207542,-0.878583,0.071645,-0.472185),fov=30.000000,dt=0.016663},
	{cf=CFrame.new(3.776031,1.812378,-2.402536,-0.476528,-0.197364,0.856719,-0.031813,0.977709,0.207542,-0.878583,0.071645,-0.472185),fov=30.000000,dt=0.017329},
	{cf=CFrame.new(3.776031,1.812378,-2.402536,-0.476528,-0.197364,0.856719,-0.031813,0.977709,0.207542,-0.878583,0.071645,-0.472185),fov=30.000000,dt=0.016190},
	{cf=CFrame.new(3.776031,1.812378,-2.402536,-0.476528,-0.197364,0.856719,-0.031813,0.977709,0.207542,-0.878583,0.071645,-0.472185),fov=30.000000,dt=0.016583},
	{cf=CFrame.new(3.518417,1.882904,-2.798012,-0.601134,-0.182094,0.778126,-0.028861,0.978005,0.206573,-0.798627,0.101720,-0.593168),fov=30.000000,dt=0.020280},
	{cf=CFrame.new(3.432739,1.906372,-2.929535,-0.639785,-0.176264,0.748068,-0.028105,0.978060,0.206419,-0.768040,0.111040,-0.630702),fov=30.000000,dt=0.013210},
	{cf=CFrame.new(3.432739,1.906372,-2.929535,-0.639785,-0.176264,0.748068,-0.028105,0.978060,0.206419,-0.768040,0.111040,-0.630702),fov=30.000000,dt=0.016537},
	{cf=CFrame.new(3.432739,1.906372,-2.929535,-0.639785,-0.176264,0.748068,-0.028105,0.978060,0.206419,-0.768040,0.111040,-0.630702),fov=30.000000,dt=0.016425},
	{cf=CFrame.new(3.432739,1.906372,-2.929535,-0.639785,-0.176264,0.748068,-0.028105,0.978060,0.206419,-0.768040,0.111040,-0.630702),fov=30.000000,dt=0.017232},
	{cf=CFrame.new(3.432739,1.906372,-2.929535,-0.639785,-0.176264,0.748068,-0.028105,0.978060,0.206419,-0.768040,0.111040,-0.630702),fov=30.000000,dt=0.016099},
	{cf=CFrame.new(3.432739,1.906372,-2.929535,-0.639785,-0.176264,0.748068,-0.028105,0.978060,0.206419,-0.768040,0.111040,-0.630702),fov=30.000000,dt=0.016324},
	{cf=CFrame.new(3.432739,1.906372,-2.929535,-0.639785,-0.176264,0.748068,-0.028105,0.978060,0.206419,-0.768040,0.111040,-0.630702),fov=30.000000,dt=0.017196},
	{cf=CFrame.new(3.432739,1.906372,-2.929535,-0.639785,-0.176264,0.748068,-0.028105,0.978060,0.206419,-0.768040,0.111040,-0.630702),fov=30.000000,dt=0.017134},
	{cf=CFrame.new(3.432739,1.906372,-2.929535,-0.639785,-0.176264,0.748068,-0.028105,0.978060,0.206419,-0.768040,0.111040,-0.630702),fov=30.000000,dt=0.026042},
	{cf=CFrame.new(3.432739,1.906372,-2.929535,-0.639785,-0.176264,0.748068,-0.028105,0.978060,0.206419,-0.768040,0.111040,-0.630702),fov=30.000000,dt=0.019407},
	{cf=CFrame.new(3.432739,1.906372,-2.929535,-0.639785,-0.176264,0.748068,-0.028105,0.978060,0.206419,-0.768040,0.111040,-0.630702),fov=30.000000,dt=0.017830},
	{cf=CFrame.new(3.432739,1.906372,-2.929535,-0.639785,-0.176264,0.748068,-0.028105,0.978060,0.206419,-0.768040,0.111040,-0.630702),fov=30.000000,dt=0.021299},
	{cf=CFrame.new(3.432739,1.906372,-2.929535,-0.639785,-0.176264,0.748068,-0.028105,0.978060,0.206419,-0.768040,0.111040,-0.630702),fov=30.000000,dt=0.023050},
	{cf=CFrame.new(3.432739,1.906372,-2.929535,-0.639785,-0.176264,0.748068,-0.028105,0.978060,0.206419,-0.768040,0.111040,-0.630702),fov=30.000000,dt=0.014488},
	{cf=CFrame.new(3.432739,1.906372,-2.929535,-0.639785,-0.176264,0.748068,-0.028105,0.978060,0.206419,-0.768040,0.111040,-0.630702),fov=30.000000,dt=0.019049},
	{cf=CFrame.new(3.432739,1.906372,-2.929535,-0.639785,-0.176264,0.748068,-0.028105,0.978060,0.206419,-0.768040,0.111040,-0.630702),fov=30.000000,dt=0.014671},
	{cf=CFrame.new(3.432739,1.906372,-2.929535,-0.639785,-0.176264,0.748068,-0.028105,0.978060,0.206419,-0.768040,0.111040,-0.630702),fov=30.000000,dt=0.018200},
	{cf=CFrame.new(3.432739,1.906372,-2.929535,-0.639785,-0.176264,0.748068,-0.028105,0.978060,0.206419,-0.768040,0.111040,-0.630702),fov=30.000000,dt=0.021741},
	{cf=CFrame.new(3.432739,1.906372,-2.929535,-0.639785,-0.176264,0.748068,-0.028105,0.978060,0.206419,-0.768040,0.111040,-0.630702),fov=30.000000,dt=0.024854},
	{cf=CFrame.new(3.432739,1.906372,-2.929535,-0.639785,-0.176264,0.748068,-0.028105,0.978060,0.206419,-0.768040,0.111040,-0.630702),fov=30.000000,dt=0.019073},
	{cf=CFrame.new(3.432739,1.906372,-2.929535,-0.639785,-0.176264,0.748068,-0.028105,0.978060,0.206419,-0.768040,0.111040,-0.630702),fov=30.000000,dt=0.024771},
	{cf=CFrame.new(3.432739,1.906372,-2.929535,-0.639785,-0.176264,0.748068,-0.028105,0.978060,0.206419,-0.768040,0.111040,-0.630702),fov=30.000000,dt=0.021786},
	{cf=CFrame.new(3.432739,1.906372,-2.929535,-0.639785,-0.176264,0.748068,-0.028105,0.978060,0.206419,-0.768040,0.111040,-0.630702),fov=30.000000,dt=0.018518},
	{cf=CFrame.new(3.432739,1.906372,-2.929535,-0.639785,-0.176264,0.748068,-0.028105,0.978060,0.206419,-0.768040,0.111040,-0.630702),fov=30.000000,dt=0.019558},
	{cf=CFrame.new(3.432739,1.906372,-2.929535,-0.639785,-0.176264,0.748068,-0.028105,0.978060,0.206419,-0.768040,0.111040,-0.630702),fov=30.000000,dt=0.023264},
	{cf=CFrame.new(3.432739,1.906372,-2.929535,-0.639785,-0.176264,0.748068,-0.028105,0.978060,0.206419,-0.768040,0.111040,-0.630702),fov=30.000000,dt=0.018751},
	{cf=CFrame.new(3.432739,1.906372,-2.929535,-0.639785,-0.176264,0.748068,-0.028105,0.978060,0.206419,-0.768040,0.111040,-0.630702),fov=30.000000,dt=0.013943},
	{cf=CFrame.new(3.432739,1.906372,-2.929535,-0.639785,-0.176264,0.748068,-0.028105,0.978060,0.206419,-0.768040,0.111040,-0.630702),fov=30.000000,dt=0.014681},
	{cf=CFrame.new(3.432739,1.906372,-2.929535,-0.639785,-0.176264,0.748068,-0.028105,0.978060,0.206419,-0.768040,0.111040,-0.630702),fov=30.000000,dt=0.013822},
	{cf=CFrame.new(3.432739,1.906372,-2.929535,-0.639785,-0.176264,0.748068,-0.028105,0.978060,0.206419,-0.768040,0.111040,-0.630702),fov=30.000000,dt=0.014139},
	{cf=CFrame.new(3.432739,1.906372,-2.929535,-0.639785,-0.176264,0.748068,-0.028105,0.978060,0.206419,-0.768040,0.111040,-0.630702),fov=30.000000,dt=0.022510},
	{cf=CFrame.new(3.432739,1.906372,-2.929535,-0.639785,-0.176264,0.748068,-0.028105,0.978060,0.206419,-0.768040,0.111039,-0.630702),fov=30.000000,dt=0.017866},
	{cf=CFrame.new(3.432739,1.906372,-2.929535,-0.639785,-0.176264,0.748068,-0.028105,0.978060,0.206419,-0.768040,0.111039,-0.630702),fov=30.000000,dt=0.014189},
	{cf=CFrame.new(3.432739,1.906372,-2.929535,-0.639785,-0.176264,0.748068,-0.028105,0.978060,0.206419,-0.768040,0.111040,-0.630702),fov=30.000000,dt=0.014659},
	{cf=CFrame.new(3.432739,1.906372,-2.929535,-0.639785,-0.176264,0.748068,-0.028105,0.978060,0.206419,-0.768040,0.111040,-0.630702),fov=30.000000,dt=0.015494},
	{cf=CFrame.new(3.432739,1.906372,-2.929535,-0.639785,-0.176264,0.748068,-0.028105,0.978060,0.206419,-0.768040,0.111040,-0.630702),fov=30.000000,dt=0.013420},
	{cf=CFrame.new(3.432739,1.906372,-2.929535,-0.639785,-0.176264,0.748068,-0.028105,0.978060,0.206419,-0.768040,0.111040,-0.630702),fov=30.000000,dt=0.014311},
	{cf=CFrame.new(3.432739,1.906372,-2.929535,-0.639785,-0.176264,0.748068,-0.028105,0.978060,0.206419,-0.768040,0.111040,-0.630702),fov=30.000000,dt=0.015683},
	{cf=CFrame.new(3.432739,1.906372,-2.929535,-0.639785,-0.176264,0.748068,-0.028105,0.978060,0.206419,-0.768040,0.111040,-0.630702),fov=30.000000,dt=0.014955},
	{cf=CFrame.new(3.432739,1.906372,-2.929535,-0.639785,-0.176264,0.748068,-0.028105,0.978060,0.206419,-0.768040,0.111040,-0.630702),fov=30.000000,dt=0.016868},
	{cf=CFrame.new(3.432739,1.906372,-2.929535,-0.639785,-0.176264,0.748068,-0.028105,0.978060,0.206419,-0.768040,0.111040,-0.630702),fov=30.000000,dt=0.016552},
	{cf=CFrame.new(3.432739,1.906372,-2.929535,-0.639785,-0.176264,0.748068,-0.028105,0.978060,0.206419,-0.768040,0.111040,-0.630702),fov=30.000000,dt=0.016303},
	{cf=CFrame.new(3.432739,1.906372,-2.929535,-0.639785,-0.176264,0.748068,-0.028105,0.978060,0.206419,-0.768040,0.111040,-0.630702),fov=30.000000,dt=0.016798},
	{cf=CFrame.new(3.432739,1.906372,-2.929535,-0.639785,-0.176264,0.748068,-0.028105,0.978060,0.206419,-0.768040,0.111040,-0.630702),fov=30.000000,dt=0.017295},
	{cf=CFrame.new(3.432739,1.906372,-2.929535,-0.639785,-0.176264,0.748068,-0.028105,0.978060,0.206419,-0.768040,0.111040,-0.630702),fov=30.000000,dt=0.015834},
	{cf=CFrame.new(3.432739,1.906372,-2.929535,-0.639785,-0.176264,0.748068,-0.028105,0.978060,0.206419,-0.768040,0.111040,-0.630702),fov=30.000000,dt=0.017038},
	{cf=CFrame.new(3.432739,1.906372,-2.929535,-0.639785,-0.176264,0.748068,-0.028105,0.978060,0.206419,-0.768040,0.111040,-0.630702),fov=30.000000,dt=0.017106},
	{cf=CFrame.new(3.432739,1.906372,-2.929535,-0.639785,-0.176264,0.748068,-0.028105,0.978060,0.206419,-0.768040,0.111040,-0.630702),fov=30.000000,dt=0.016289},
	{cf=CFrame.new(3.432739,1.906372,-2.929535,-0.639785,-0.176264,0.748068,-0.028105,0.978060,0.206419,-0.768040,0.111040,-0.630702),fov=30.000000,dt=0.016799},
	{cf=CFrame.new(3.432739,1.906372,-2.929535,-0.639785,-0.176264,0.748068,-0.028105,0.978060,0.206419,-0.768040,0.111040,-0.630702),fov=30.000000,dt=0.016634},
	{cf=CFrame.new(3.432739,1.906372,-2.929535,-0.639785,-0.176264,0.748068,-0.028105,0.978060,0.206419,-0.768040,0.111040,-0.630702),fov=30.000000,dt=0.016828},
	{cf=CFrame.new(3.432739,1.906372,-2.929535,-0.639785,-0.176264,0.748068,-0.028105,0.978060,0.206419,-0.768040,0.111040,-0.630702),fov=30.000000,dt=0.015907},
	{cf=CFrame.new(3.432739,1.906372,-2.929535,-0.639785,-0.176264,0.748068,-0.028105,0.978060,0.206419,-0.768040,0.111040,-0.630702),fov=30.000000,dt=0.017846},
	{cf=CFrame.new(3.432739,1.906372,-2.929535,-0.639785,-0.176264,0.748068,-0.028105,0.978060,0.206419,-0.768040,0.111040,-0.630702),fov=30.000000,dt=0.015654},
	{cf=CFrame.new(3.432739,1.906372,-2.929535,-0.639785,-0.176264,0.748068,-0.028105,0.978060,0.206419,-0.768040,0.111040,-0.630702),fov=30.000000,dt=0.016915},
	{cf=CFrame.new(3.432739,1.906372,-2.929535,-0.639785,-0.176264,0.748068,-0.028105,0.978060,0.206419,-0.768040,0.111040,-0.630702),fov=30.000000,dt=0.016644},
	{cf=CFrame.new(3.432739,1.906372,-2.929535,-0.639785,-0.176264,0.748068,-0.028105,0.978060,0.206419,-0.768040,0.111040,-0.630702),fov=30.000000,dt=0.016524},
	{cf=CFrame.new(3.432739,1.906372,-2.929535,-0.639785,-0.176264,0.748068,-0.028105,0.978060,0.206419,-0.768040,0.111040,-0.630702),fov=30.000000,dt=0.016633},
	{cf=CFrame.new(3.432739,1.906372,-2.929535,-0.639785,-0.176264,0.748068,-0.028105,0.978060,0.206419,-0.768040,0.111040,-0.630702),fov=30.000000,dt=0.017373},
	{cf=CFrame.new(3.432739,1.906372,-2.929535,-0.639785,-0.176264,0.748068,-0.028105,0.978060,0.206419,-0.768040,0.111040,-0.630702),fov=30.000000,dt=0.017197},
	{cf=CFrame.new(3.432739,1.906372,-2.929535,-0.639785,-0.176264,0.748068,-0.028105,0.978060,0.206419,-0.768040,0.111040,-0.630702),fov=30.000000,dt=0.015762},
	{cf=CFrame.new(3.432739,1.906372,-2.929535,-0.639785,-0.176264,0.748068,-0.028105,0.978060,0.206419,-0.768040,0.111039,-0.630702),fov=30.000000,dt=0.016872},
	{cf=CFrame.new(3.432739,1.906372,-2.929535,-0.639785,-0.176264,0.748068,-0.028105,0.978060,0.206419,-0.768040,0.111040,-0.630702),fov=30.000000,dt=0.016328},
	{cf=CFrame.new(3.433075,1.905609,-2.926973,-0.639229,-0.176172,0.748565,-0.028018,0.978095,0.206265,-0.768506,0.110878,-0.630163),fov=30.000000,dt=0.022927},
	{cf=CFrame.new(3.754669,1.204803,-0.510092,-0.011119,-0.025540,0.999612,-0.006593,0.999654,0.025468,-0.999916,-0.006307,-0.011284),fov=40.000000,dt=0.025593},
	{cf=CFrame.new(3.754669,1.204803,-0.510092,-0.011119,-0.025540,0.999612,-0.006593,0.999654,0.025468,-0.999916,-0.006307,-0.011284),fov=40.000000,dt=0.026449},
	{cf=CFrame.new(3.754669,1.204803,-0.510092,-0.011119,-0.025540,0.999612,-0.006593,0.999654,0.025468,-0.999916,-0.006307,-0.011284),fov=40.000000,dt=0.018926},
	{cf=CFrame.new(3.754669,1.204803,-0.510092,-0.011119,-0.025540,0.999612,-0.006593,0.999654,0.025468,-0.999916,-0.006307,-0.011284),fov=40.000000,dt=0.017021},
	{cf=CFrame.new(3.754669,1.204803,-0.510092,-0.011119,-0.025540,0.999612,-0.006593,0.999654,0.025468,-0.999916,-0.006307,-0.011284),fov=40.000000,dt=0.016969},
	{cf=CFrame.new(3.754669,1.204803,-0.510092,-0.011119,-0.025540,0.999612,-0.006593,0.999654,0.025468,-0.999916,-0.006307,-0.011284),fov=40.000000,dt=0.027138},
	{cf=CFrame.new(3.754669,1.204803,-0.510092,-0.011119,-0.025540,0.999612,-0.006593,0.999654,0.025468,-0.999916,-0.006307,-0.011284),fov=40.000000,dt=0.016977},
	{cf=CFrame.new(3.754669,1.204803,-0.510092,-0.011119,-0.025540,0.999612,-0.006593,0.999654,0.025468,-0.999916,-0.006307,-0.011284),fov=40.000000,dt=0.017583},
	{cf=CFrame.new(3.754669,1.204803,-0.510092,-0.011119,-0.025540,0.999612,-0.006593,0.999654,0.025468,-0.999916,-0.006307,-0.011284),fov=40.000000,dt=0.015490},
	{cf=CFrame.new(3.754669,1.204803,-0.510092,-0.011119,-0.025540,0.999612,-0.006593,0.999654,0.025468,-0.999916,-0.006307,-0.011284),fov=40.000000,dt=0.014212},
	{cf=CFrame.new(3.754669,1.204803,-0.510092,-0.011119,-0.025540,0.999612,-0.006593,0.999654,0.025468,-0.999916,-0.006307,-0.011284),fov=40.000000,dt=0.019772},
	{cf=CFrame.new(3.754669,1.204803,-0.510092,-0.011119,-0.025540,0.999612,-0.006593,0.999654,0.025468,-0.999917,-0.006307,-0.011283),fov=40.000000,dt=0.018548},
	{cf=CFrame.new(3.754669,1.204803,-0.510092,-0.011119,-0.025540,0.999612,-0.006593,0.999654,0.025468,-0.999916,-0.006307,-0.011284),fov=40.000000,dt=0.041565},
	{cf=CFrame.new(3.754669,1.204803,-0.510092,-0.011119,-0.025540,0.999612,-0.006593,0.999654,0.025468,-0.999917,-0.006307,-0.011283),fov=40.000000,dt=0.024269},
	{cf=CFrame.new(3.754669,1.204803,-0.510092,-0.011119,-0.025540,0.999612,-0.006593,0.999654,0.025468,-0.999917,-0.006307,-0.011283),fov=40.000000,dt=0.020452},
	{cf=CFrame.new(3.754669,1.204803,-0.510092,-0.011119,-0.025540,0.999612,-0.006593,0.999654,0.025468,-0.999916,-0.006307,-0.011284),fov=40.000000,dt=0.017987},
	{cf=CFrame.new(3.754669,1.204803,-0.510092,-0.011119,-0.025540,0.999612,-0.006593,0.999654,0.025468,-0.999916,-0.006307,-0.011284),fov=40.000000,dt=0.020835},
	{cf=CFrame.new(3.754669,1.204803,-0.510092,-0.011119,-0.025540,0.999612,-0.006593,0.999654,0.025468,-0.999916,-0.006307,-0.011284),fov=40.000000,dt=0.020908},
	{cf=CFrame.new(3.754669,1.204803,-0.510092,-0.011119,-0.025540,0.999612,-0.006593,0.999654,0.025468,-0.999916,-0.006307,-0.011284),fov=40.000000,dt=0.019169},
	{cf=CFrame.new(3.754669,1.204803,-0.510092,-0.011119,-0.025540,0.999612,-0.006593,0.999654,0.025468,-0.999916,-0.006307,-0.011284),fov=40.000000,dt=0.018067},
	{cf=CFrame.new(3.754669,1.204803,-0.510092,-0.011119,-0.025540,0.999612,-0.006593,0.999654,0.025468,-0.999916,-0.006307,-0.011284),fov=40.000000,dt=0.016466},
	{cf=CFrame.new(3.754669,1.204803,-0.510092,-0.011119,-0.025540,0.999612,-0.006593,0.999654,0.025468,-0.999916,-0.006307,-0.011284),fov=40.000000,dt=0.015681},
	{cf=CFrame.new(3.754669,1.204803,-0.510092,-0.011119,-0.025540,0.999612,-0.006593,0.999654,0.025468,-0.999916,-0.006307,-0.011284),fov=40.000000,dt=0.015412},
	{cf=CFrame.new(3.754669,1.204803,-0.510092,-0.011119,-0.025540,0.999612,-0.006593,0.999654,0.025468,-0.999916,-0.006307,-0.011284),fov=40.000000,dt=0.012928},
	{cf=CFrame.new(3.754669,1.204803,-0.510092,-0.011119,-0.025540,0.999612,-0.006593,0.999654,0.025468,-0.999916,-0.006307,-0.011284),fov=40.000000,dt=0.015864},
	{cf=CFrame.new(3.754669,1.204803,-0.510092,-0.011119,-0.025540,0.999612,-0.006593,0.999654,0.025468,-0.999916,-0.006307,-0.011284),fov=40.000000,dt=0.016820},
	{cf=CFrame.new(3.754669,1.204803,-0.510092,-0.011119,-0.025540,0.999612,-0.006593,0.999654,0.025468,-0.999916,-0.006307,-0.011284),fov=40.000000,dt=0.016776},
	{cf=CFrame.new(3.754669,1.204803,-0.510092,-0.011119,-0.025540,0.999612,-0.006593,0.999654,0.025468,-0.999916,-0.006307,-0.011284),fov=40.000000,dt=0.016166},
	{cf=CFrame.new(3.754669,1.204803,-0.510092,-0.011119,-0.025540,0.999612,-0.006593,0.999654,0.025468,-0.999916,-0.006307,-0.011284),fov=40.000000,dt=0.016734},
	{cf=CFrame.new(3.754669,1.204803,-0.510092,-0.011119,-0.025540,0.999612,-0.006593,0.999654,0.025468,-0.999916,-0.006307,-0.011284),fov=40.000000,dt=0.016677},
	{cf=CFrame.new(3.754669,1.204803,-0.510092,-0.011119,-0.025540,0.999612,-0.006593,0.999654,0.025468,-0.999916,-0.006307,-0.011284),fov=40.000000,dt=0.016509},
	{cf=CFrame.new(3.754669,1.204803,-0.510092,-0.011119,-0.025540,0.999612,-0.006593,0.999654,0.025468,-0.999916,-0.006307,-0.011284),fov=40.000000,dt=0.017520},
	{cf=CFrame.new(3.754669,1.204803,-0.510092,-0.011119,-0.025540,0.999612,-0.006593,0.999654,0.025468,-0.999916,-0.006307,-0.011284),fov=40.000000,dt=0.015617},
	{cf=CFrame.new(3.754669,1.204803,-0.510092,-0.011119,-0.025540,0.999612,-0.006593,0.999654,0.025468,-0.999916,-0.006307,-0.011284),fov=40.000000,dt=0.016894},
	{cf=CFrame.new(3.754669,1.204803,-0.510092,-0.011119,-0.025540,0.999612,-0.006593,0.999654,0.025468,-0.999917,-0.006307,-0.011283),fov=40.000000,dt=0.016657},
	{cf=CFrame.new(3.754669,1.204803,-0.510092,-0.011119,-0.025540,0.999612,-0.006593,0.999654,0.025468,-0.999916,-0.006307,-0.011284),fov=40.000000,dt=0.016807},
	{cf=CFrame.new(3.754669,1.204803,-0.510092,-0.011119,-0.025540,0.999612,-0.006593,0.999654,0.025468,-0.999916,-0.006307,-0.011284),fov=40.000000,dt=0.016281},
	{cf=CFrame.new(3.754669,1.204803,-0.510092,-0.011119,-0.025540,0.999612,-0.006593,0.999654,0.025468,-0.999916,-0.006307,-0.011284),fov=40.000000,dt=0.018217},
	{cf=CFrame.new(3.754669,1.204803,-0.510092,-0.011119,-0.025540,0.999612,-0.006593,0.999654,0.025468,-0.999917,-0.006307,-0.011283),fov=40.000000,dt=0.015621},
	{cf=CFrame.new(3.754669,1.204803,-0.510092,-0.011119,-0.025540,0.999612,-0.006593,0.999654,0.025468,-0.999916,-0.006307,-0.011284),fov=40.000000,dt=0.016210},
	{cf=CFrame.new(3.754669,1.204803,-0.510092,-0.011119,-0.025540,0.999612,-0.006593,0.999654,0.025468,-0.999916,-0.006307,-0.011284),fov=40.000000,dt=0.016640},
	{cf=CFrame.new(3.754669,1.204803,-0.510092,-0.011119,-0.025540,0.999612,-0.006593,0.999654,0.025468,-0.999916,-0.006307,-0.011284),fov=40.000000,dt=0.017443},
	{cf=CFrame.new(3.754669,1.204803,-0.510092,-0.011119,-0.025540,0.999612,-0.006593,0.999654,0.025468,-0.999917,-0.006307,-0.011283),fov=40.000000,dt=0.016075},
	{cf=CFrame.new(3.754669,1.204803,-0.510092,-0.011119,-0.025540,0.999612,-0.006593,0.999654,0.025468,-0.999917,-0.006307,-0.011283),fov=40.000000,dt=0.016996},
	{cf=CFrame.new(3.754669,1.204803,-0.510092,-0.011119,-0.025540,0.999612,-0.006593,0.999654,0.025468,-0.999916,-0.006307,-0.011284),fov=40.000000,dt=0.016592},
	{cf=CFrame.new(3.754669,1.204803,-0.510092,-0.011119,-0.025540,0.999612,-0.006593,0.999654,0.025468,-0.999916,-0.006307,-0.011284),fov=40.000000,dt=0.016481},
	{cf=CFrame.new(3.754669,1.204803,-0.510092,-0.011119,-0.025540,0.999612,-0.006593,0.999654,0.025468,-0.999916,-0.006307,-0.011284),fov=40.000000,dt=0.016832},
	{cf=CFrame.new(3.754669,1.204803,-0.510092,-0.011119,-0.025540,0.999612,-0.006593,0.999654,0.025468,-0.999917,-0.006307,-0.011283),fov=40.000000,dt=0.016698},
	{cf=CFrame.new(3.754669,1.204803,-0.510092,-0.011119,-0.025540,0.999612,-0.006593,0.999654,0.025468,-0.999916,-0.006307,-0.011284),fov=40.000000,dt=0.016281},
	{cf=CFrame.new(3.754669,1.204803,-0.510092,-0.011119,-0.025540,0.999612,-0.006593,0.999654,0.025468,-0.999916,-0.006307,-0.011284),fov=40.000000,dt=0.016849},
	{cf=CFrame.new(3.754669,1.204803,-0.510092,-0.011119,-0.025540,0.999612,-0.006593,0.999654,0.025468,-0.999916,-0.006307,-0.011284),fov=40.000000,dt=0.016972},
	{cf=CFrame.new(3.754669,1.204803,-0.510092,-0.011119,-0.025540,0.999612,-0.006593,0.999654,0.025468,-0.999916,-0.006307,-0.011284),fov=40.000000,dt=0.016546},
	{cf=CFrame.new(3.754669,1.204803,-0.510092,-0.011119,-0.025540,0.999612,-0.006593,0.999654,0.025468,-0.999916,-0.006307,-0.011284),fov=40.000000,dt=0.016505},
	{cf=CFrame.new(3.754669,1.204803,-0.510092,-0.011119,-0.025540,0.999612,-0.006593,0.999654,0.025468,-0.999916,-0.006307,-0.011284),fov=40.000000,dt=0.016815},
	{cf=CFrame.new(3.754669,1.204803,-0.510092,-0.011119,-0.025540,0.999612,-0.006593,0.999654,0.025468,-0.999916,-0.006307,-0.011284),fov=40.000000,dt=0.016345},
	{cf=CFrame.new(3.754669,1.204803,-0.510092,-0.011119,-0.025540,0.999612,-0.006593,0.999654,0.025468,-0.999916,-0.006307,-0.011284),fov=40.000000,dt=0.016979},
	{cf=CFrame.new(3.754669,1.204803,-0.510092,-0.011119,-0.025540,0.999612,-0.006593,0.999654,0.025468,-0.999916,-0.006307,-0.011284),fov=40.000000,dt=0.016520},
	{cf=CFrame.new(3.754669,1.204803,-0.510092,-0.011119,-0.025540,0.999612,-0.006593,0.999654,0.025468,-0.999916,-0.006307,-0.011284),fov=40.000000,dt=0.017027},
	{cf=CFrame.new(3.754669,1.204803,-0.510092,-0.011119,-0.025540,0.999612,-0.006593,0.999654,0.025468,-0.999916,-0.006307,-0.011284),fov=40.000000,dt=0.021290},
	{cf=CFrame.new(3.754669,1.204803,-0.510092,-0.011119,-0.025540,0.999612,-0.006593,0.999654,0.025468,-0.999916,-0.006307,-0.011284),fov=40.000000,dt=0.019180},
	{cf=CFrame.new(3.015015,1.169617,1.473238,0.646888,-0.014407,0.762449,0.001161,0.999839,0.017908,-0.762584,-0.010700,0.646800),fov=40.000000,dt=0.018205},
	{cf=CFrame.new(2.280365,1.134644,3.443110,0.987628,-0.003333,0.156778,0.002161,0.999968,0.007645,-0.156798,-0.007211,0.987604),fov=40.000000,dt=0.017995},
	{cf=CFrame.new(2.280365,1.134644,3.443110,0.987628,-0.003333,0.156778,0.002161,0.999968,0.007645,-0.156798,-0.007211,0.987604),fov=40.000000,dt=0.018154},
	{cf=CFrame.new(2.280365,1.134644,3.443110,0.987628,-0.003333,0.156778,0.002161,0.999968,0.007645,-0.156798,-0.007211,0.987604),fov=40.000000,dt=0.015588},
	{cf=CFrame.new(2.280365,1.134644,3.443110,0.987628,-0.003333,0.156778,0.002161,0.999968,0.007645,-0.156798,-0.007211,0.987604),fov=40.000000,dt=0.015766},
	{cf=CFrame.new(2.280365,1.134644,3.443110,0.987628,-0.003333,0.156778,0.002161,0.999968,0.007645,-0.156798,-0.007211,0.987604),fov=40.000000,dt=0.015998},
	{cf=CFrame.new(2.280365,1.134644,3.443110,0.987628,-0.003333,0.156778,0.002161,0.999968,0.007645,-0.156798,-0.007211,0.987604),fov=40.000000,dt=0.014379},
	{cf=CFrame.new(2.280365,1.134644,3.443110,0.987628,-0.003333,0.156778,0.002161,0.999968,0.007645,-0.156798,-0.007211,0.987604),fov=40.000000,dt=0.018841},
	{cf=CFrame.new(2.280365,1.134644,3.443110,0.987628,-0.003333,0.156778,0.002161,0.999968,0.007645,-0.156798,-0.007211,0.987604),fov=40.000000,dt=0.014501},
	{cf=CFrame.new(2.280365,1.134644,3.443110,0.987628,-0.003333,0.156778,0.002161,0.999968,0.007645,-0.156798,-0.007211,0.987604),fov=40.000000,dt=0.024944},
	{cf=CFrame.new(2.280365,1.134644,3.443110,0.987628,-0.003333,0.156778,0.002161,0.999968,0.007645,-0.156798,-0.007211,0.987604),fov=40.000000,dt=0.016489},
	{cf=CFrame.new(2.280365,1.134644,3.443110,0.987628,-0.003333,0.156778,0.002161,0.999968,0.007645,-0.156798,-0.007211,0.987604),fov=40.000000,dt=0.018218},
	{cf=CFrame.new(2.280365,1.134644,3.443110,0.987628,-0.003333,0.156778,0.002161,0.999968,0.007645,-0.156798,-0.007211,0.987604),fov=40.000000,dt=0.017771},
	{cf=CFrame.new(2.280365,1.134644,3.443110,0.987628,-0.003333,0.156778,0.002161,0.999968,0.007645,-0.156798,-0.007211,0.987604),fov=40.000000,dt=0.019319},
	{cf=CFrame.new(2.280365,1.134644,3.443110,0.987628,-0.003333,0.156778,0.002161,0.999968,0.007645,-0.156798,-0.007211,0.987604),fov=40.000000,dt=0.025815},
	{cf=CFrame.new(2.280365,1.134644,3.443110,0.987628,-0.003333,0.156778,0.002161,0.999968,0.007645,-0.156798,-0.007211,0.987604),fov=40.000000,dt=0.019625},
	{cf=CFrame.new(2.280365,1.134644,3.443110,0.987628,-0.003333,0.156778,0.002161,0.999968,0.007645,-0.156798,-0.007211,0.987604),fov=40.000000,dt=0.024314},
	{cf=CFrame.new(2.280365,1.134644,3.443110,0.987628,-0.003333,0.156778,0.002161,0.999968,0.007645,-0.156798,-0.007211,0.987604),fov=40.000000,dt=0.020865},
	{cf=CFrame.new(2.280365,1.134644,3.443110,0.987628,-0.003333,0.156778,0.002161,0.999968,0.007645,-0.156798,-0.007211,0.987604),fov=40.000000,dt=0.018194},
	{cf=CFrame.new(2.280365,1.134644,3.443110,0.987628,-0.003333,0.156778,0.002161,0.999968,0.007645,-0.156798,-0.007211,0.987604),fov=40.000000,dt=0.016316},
	{cf=CFrame.new(2.280365,1.134644,3.443110,0.987628,-0.003333,0.156778,0.002161,0.999968,0.007645,-0.156798,-0.007211,0.987604),fov=40.000000,dt=0.013416},
	{cf=CFrame.new(2.280365,1.134644,3.443110,0.987628,-0.003333,0.156778,0.002161,0.999968,0.007645,-0.156798,-0.007211,0.987604),fov=40.000000,dt=0.014479},
	{cf=CFrame.new(2.280365,1.134644,3.443110,0.987628,-0.003333,0.156778,0.002161,0.999968,0.007645,-0.156798,-0.007211,0.987604),fov=40.000000,dt=0.013843},
	{cf=CFrame.new(2.280365,1.134644,3.443110,0.987628,-0.003333,0.156778,0.002161,0.999968,0.007645,-0.156798,-0.007211,0.987604),fov=40.000000,dt=0.013694},
	{cf=CFrame.new(2.280365,1.134644,3.443110,0.987628,-0.003333,0.156778,0.002161,0.999968,0.007645,-0.156798,-0.007211,0.987604),fov=40.000000,dt=0.015984},
	{cf=CFrame.new(2.280365,1.134644,3.443110,0.987628,-0.003333,0.156778,0.002161,0.999968,0.007645,-0.156798,-0.007211,0.987604),fov=40.000000,dt=0.016289},
	{cf=CFrame.new(2.280365,1.134644,3.443110,0.987628,-0.003333,0.156778,0.002161,0.999968,0.007645,-0.156798,-0.007211,0.987604),fov=40.000000,dt=0.016775},
	{cf=CFrame.new(2.280365,1.134644,3.443110,0.987628,-0.003333,0.156778,0.002161,0.999968,0.007645,-0.156798,-0.007211,0.987604),fov=40.000000,dt=0.016912},
	{cf=CFrame.new(2.280365,1.134644,3.443110,0.987628,-0.003333,0.156778,0.002161,0.999968,0.007645,-0.156798,-0.007211,0.987604),fov=40.000000,dt=0.016394},
	{cf=CFrame.new(2.280365,1.134644,3.443110,0.987628,-0.003333,0.156778,0.002161,0.999968,0.007645,-0.156798,-0.007211,0.987604),fov=40.000000,dt=0.016755},
	{cf=CFrame.new(2.280365,1.134644,3.443110,0.987628,-0.003333,0.156778,0.002161,0.999968,0.007645,-0.156798,-0.007211,0.987604),fov=40.000000,dt=0.016471},
	{cf=CFrame.new(2.280365,1.134644,3.443110,0.987628,-0.003333,0.156778,0.002161,0.999968,0.007645,-0.156798,-0.007211,0.987604),fov=40.000000,dt=0.016941},
	{cf=CFrame.new(2.280365,1.134644,3.443110,0.987628,-0.003333,0.156778,0.002161,0.999968,0.007645,-0.156798,-0.007211,0.987604),fov=40.000000,dt=0.016187},
	{cf=CFrame.new(2.280365,1.134644,3.443110,0.987628,-0.003333,0.156778,0.002161,0.999968,0.007645,-0.156798,-0.007211,0.987604),fov=40.000000,dt=0.017303},
	{cf=CFrame.new(2.280365,1.134644,3.443110,0.987628,-0.003333,0.156778,0.002161,0.999968,0.007645,-0.156798,-0.007211,0.987604),fov=40.000000,dt=0.017222},
	{cf=CFrame.new(2.280365,1.134644,3.443110,0.987628,-0.003333,0.156778,0.002161,0.999968,0.007645,-0.156798,-0.007211,0.987604),fov=40.000000,dt=0.016666},
	{cf=CFrame.new(2.280365,1.134644,3.443110,0.987628,-0.003333,0.156778,0.002161,0.999968,0.007645,-0.156798,-0.007211,0.987604),fov=40.000000,dt=0.016238},
	{cf=CFrame.new(2.280365,1.134644,3.443110,0.987628,-0.003333,0.156778,0.002161,0.999968,0.007645,-0.156798,-0.007211,0.987604),fov=40.000000,dt=0.016834},
	{cf=CFrame.new(2.280365,1.134644,3.443110,0.987628,-0.003333,0.156778,0.002161,0.999968,0.007645,-0.156798,-0.007211,0.987604),fov=40.000000,dt=0.016141},
	{cf=CFrame.new(2.280365,1.134644,3.443110,0.987628,-0.003333,0.156778,0.002161,0.999968,0.007645,-0.156798,-0.007211,0.987604),fov=40.000000,dt=0.017092},
	{cf=CFrame.new(2.280365,1.134644,3.443110,0.987628,-0.003333,0.156778,0.002161,0.999968,0.007645,-0.156798,-0.007211,0.987604),fov=40.000000,dt=0.015981},
	{cf=CFrame.new(2.280365,1.134644,3.443110,0.987628,-0.003333,0.156778,0.002161,0.999968,0.007645,-0.156798,-0.007211,0.987604),fov=40.000000,dt=0.017026},
	{cf=CFrame.new(2.280365,1.134644,3.443110,0.987628,-0.003333,0.156778,0.002161,0.999968,0.007645,-0.156798,-0.007211,0.987604),fov=40.000000,dt=0.016305},
	{cf=CFrame.new(2.280365,1.134644,3.443110,0.987628,-0.003333,0.156778,0.002161,0.999968,0.007645,-0.156798,-0.007211,0.987604),fov=40.000000,dt=0.017082},
	{cf=CFrame.new(2.280365,1.134644,3.443110,0.987628,-0.003333,0.156778,0.002161,0.999968,0.007645,-0.156798,-0.007211,0.987604),fov=40.000000,dt=0.016113},
	{cf=CFrame.new(2.280365,1.134644,3.443110,0.987628,-0.003333,0.156778,0.002161,0.999968,0.007645,-0.156798,-0.007211,0.987604),fov=40.000000,dt=0.016884},
	{cf=CFrame.new(2.280365,1.134644,3.443110,0.987628,-0.003333,0.156778,0.002161,0.999968,0.007645,-0.156798,-0.007211,0.987604),fov=40.000000,dt=0.016324},
	{cf=CFrame.new(2.280365,1.134644,3.443110,0.987628,-0.003333,0.156778,0.002161,0.999968,0.007645,-0.156798,-0.007211,0.987604),fov=40.000000,dt=0.017320},
	{cf=CFrame.new(2.280365,1.134644,3.443110,0.987628,-0.003333,0.156778,0.002161,0.999968,0.007645,-0.156798,-0.007211,0.987604),fov=40.000000,dt=0.016396},
	{cf=CFrame.new(2.280365,1.134644,3.443110,0.987628,-0.003333,0.156778,0.002161,0.999968,0.007645,-0.156798,-0.007211,0.987604),fov=40.000000,dt=0.016770},
	{cf=CFrame.new(2.280365,1.134644,3.443110,0.987628,-0.003333,0.156778,0.002161,0.999968,0.007645,-0.156798,-0.007211,0.987604),fov=40.000000,dt=0.016478},
	{cf=CFrame.new(2.280365,1.134644,3.443110,0.987628,-0.003333,0.156778,0.002161,0.999968,0.007645,-0.156798,-0.007211,0.987604),fov=40.000000,dt=0.017199},
	{cf=CFrame.new(2.280365,1.134644,3.443110,0.987628,-0.003333,0.156778,0.002161,0.999968,0.007645,-0.156798,-0.007211,0.987604),fov=40.000000,dt=0.016109},
	{cf=CFrame.new(2.280365,1.134644,3.443110,0.987628,-0.003333,0.156778,0.002161,0.999968,0.007645,-0.156798,-0.007211,0.987604),fov=40.000000,dt=0.016755},
	{cf=CFrame.new(2.280365,1.134644,3.443110,0.987628,-0.003333,0.156778,0.002161,0.999968,0.007645,-0.156798,-0.007211,0.987604),fov=40.000000,dt=0.017226},
	{cf=CFrame.new(2.280365,1.134644,3.443110,0.987628,-0.003333,0.156778,0.002161,0.999968,0.007645,-0.156798,-0.007211,0.987604),fov=40.000000,dt=0.016048},
	{cf=CFrame.new(2.280365,1.134644,3.443110,0.987628,-0.003333,0.156778,0.002161,0.999968,0.007645,-0.156798,-0.007211,0.987604),fov=40.000000,dt=0.016489},
	{cf=CFrame.new(2.280365,1.134644,3.443110,0.987628,-0.003333,0.156778,0.002161,0.999968,0.007645,-0.156798,-0.007211,0.987604),fov=40.000000,dt=0.017188},
	{cf=CFrame.new(2.280365,1.134644,3.443110,0.987628,-0.003333,0.156778,0.002161,0.999968,0.007645,-0.156798,-0.007211,0.987604),fov=40.000000,dt=0.016772},
	{cf=CFrame.new(2.280365,1.134644,3.443110,0.987628,-0.003333,0.156778,0.002161,0.999968,0.007645,-0.156798,-0.007211,0.987604),fov=40.000000,dt=0.017530},
	{cf=CFrame.new(2.280365,1.134644,3.443110,0.987628,-0.003333,0.156778,0.002161,0.999968,0.007645,-0.156798,-0.007211,0.987604),fov=40.000000,dt=0.019493},
	{cf=CFrame.new(2.280365,1.134644,3.443110,0.987628,-0.003333,0.156778,0.002161,0.999968,0.007645,-0.156798,-0.007211,0.987604),fov=40.000000,dt=0.018703},
	{cf=CFrame.new(2.280365,1.134644,3.443110,0.987628,-0.003333,0.156778,0.002161,0.999968,0.007645,-0.156798,-0.007211,0.987604),fov=40.000000,dt=0.018285},
	{cf=CFrame.new(2.280365,1.134644,3.443110,0.987628,-0.003333,0.156778,0.002161,0.999968,0.007645,-0.156798,-0.007211,0.987604),fov=40.000000,dt=0.017140},
	{cf=CFrame.new(2.280365,1.134644,3.443110,0.987628,-0.003333,0.156778,0.002161,0.999968,0.007645,-0.156798,-0.007211,0.987604),fov=40.000000,dt=0.015467},
	{cf=CFrame.new(2.280365,1.134644,3.443110,0.987628,-0.003333,0.156778,0.002161,0.999968,0.007645,-0.156798,-0.007211,0.987604),fov=40.000000,dt=0.018409},
	{cf=CFrame.new(2.280365,1.134644,3.443110,0.987628,-0.003333,0.156778,0.002161,0.999968,0.007645,-0.156798,-0.007211,0.987604),fov=40.000000,dt=0.017703},
	{cf=CFrame.new(2.280365,1.134644,3.443110,0.987628,-0.003333,0.156778,0.002161,0.999968,0.007645,-0.156798,-0.007211,0.987604),fov=40.000000,dt=0.016460},
	{cf=CFrame.new(2.280365,1.134644,3.443110,0.987628,-0.003333,0.156778,0.002161,0.999968,0.007645,-0.156798,-0.007211,0.987604),fov=40.000000,dt=0.013637},
	{cf=CFrame.new(2.280365,1.134644,3.443110,0.987628,-0.003333,0.156778,0.002161,0.999968,0.007645,-0.156798,-0.007211,0.987604),fov=40.000000,dt=0.019653},
	{cf=CFrame.new(2.280365,1.134644,3.443110,0.987628,-0.003333,0.156778,0.002161,0.999968,0.007645,-0.156798,-0.007211,0.987604),fov=40.000000,dt=0.018544},
	{cf=CFrame.new(2.280365,1.134644,3.443110,0.987628,-0.003333,0.156778,0.002161,0.999968,0.007645,-0.156798,-0.007211,0.987604),fov=40.000000,dt=0.019356},
	{cf=CFrame.new(2.280365,1.134644,3.443110,0.987628,-0.003333,0.156778,0.002161,0.999968,0.007645,-0.156798,-0.007211,0.987604),fov=40.000000,dt=0.021669},
	{cf=CFrame.new(2.280365,1.134644,3.443110,0.987628,-0.003333,0.156778,0.002161,0.999968,0.007645,-0.156798,-0.007211,0.987604),fov=40.000000,dt=0.037034},
	{cf=CFrame.new(2.280365,1.134644,3.443110,0.987628,-0.003333,0.156778,0.002161,0.999968,0.007645,-0.156798,-0.007211,0.987604),fov=40.000000,dt=0.019298},
	{cf=CFrame.new(2.280365,1.134644,3.443110,0.987628,-0.003333,0.156778,0.002161,0.999968,0.007645,-0.156798,-0.007211,0.987604),fov=40.000000,dt=0.020559},
	{cf=CFrame.new(2.280365,1.134644,3.443110,0.987628,-0.003333,0.156778,0.002161,0.999968,0.007645,-0.156798,-0.007211,0.987604),fov=40.000000,dt=0.019746},
	{cf=CFrame.new(2.280365,1.134644,3.443110,0.987628,-0.003333,0.156778,0.002161,0.999968,0.007645,-0.156798,-0.007211,0.987604),fov=40.000000,dt=0.018126},
	{cf=CFrame.new(2.280365,1.134644,3.443110,0.987628,-0.003333,0.156778,0.002161,0.999968,0.007645,-0.156798,-0.007211,0.987604),fov=40.000000,dt=0.013930},
	{cf=CFrame.new(2.280365,1.134644,3.443110,0.987628,-0.003333,0.156778,0.002161,0.999968,0.007645,-0.156798,-0.007211,0.987604),fov=40.000000,dt=0.012798},
	{cf=CFrame.new(2.280365,1.134644,3.443110,0.987628,-0.003333,0.156778,0.002161,0.999968,0.007645,-0.156798,-0.007211,0.987604),fov=40.000000,dt=0.013316},
	{cf=CFrame.new(2.277084,1.133331,3.431244,0.986711,-0.003326,0.162448,0.002112,0.999969,0.007643,-0.162469,-0.007198,0.986687),fov=40.000000,dt=0.014214},
	{cf=CFrame.new(0.488113,0.423645,-3.037933,-0.988289,-0.003331,-0.152557,-0.002192,0.999969,-0.007630,0.152578,-0.007207,-0.988265),fov=30.000000,dt=0.025458},
	{cf=CFrame.new(0.487488,0.423645,-3.037933,-0.988405,-0.003331,-0.151803,-0.002198,0.999969,-0.007629,0.151824,-0.007207,-0.988381),fov=30.000000,dt=0.023280},
	{cf=CFrame.new(0.487030,0.423645,-3.037933,-0.988488,-0.003331,-0.151265,-0.002202,0.999969,-0.007628,0.151286,-0.007207,-0.988464),fov=30.000000,dt=0.014587},
	{cf=CFrame.new(0.486771,0.423645,-3.037933,-0.988537,-0.003331,-0.150942,-0.002205,0.999969,-0.007627,0.150963,-0.007207,-0.988513),fov=30.000000,dt=0.015575},
	{cf=CFrame.new(0.486404,0.423645,-3.037933,-0.988603,-0.003331,-0.150512,-0.002208,0.999969,-0.007626,0.150533,-0.007207,-0.988579),fov=30.000000,dt=0.016278},
	{cf=CFrame.new(0.486053,0.423645,-3.037935,-0.988668,-0.003331,-0.150081,-0.002212,0.999969,-0.007625,0.150102,-0.007207,-0.988644),fov=30.000000,dt=0.017424},
	{cf=CFrame.new(0.485703,0.423645,-3.037935,-0.988733,-0.003331,-0.149650,-0.002215,0.999969,-0.007624,0.149671,-0.007207,-0.988710),fov=30.000000,dt=0.015965},
	{cf=CFrame.new(0.485245,0.423645,-3.037935,-0.988815,-0.003331,-0.149112,-0.002219,0.999969,-0.007623,0.149132,-0.007207,-0.988791),fov=30.000000,dt=0.018601},
	{cf=CFrame.new(0.484985,0.423645,-3.037935,-0.988863,-0.003331,-0.148789,-0.002222,0.999969,-0.007622,0.148810,-0.007207,-0.988840),fov=30.000000,dt=0.015377},
	{cf=CFrame.new(0.484619,0.423645,-3.037935,-0.988928,-0.003331,-0.148358,-0.002225,0.999969,-0.007621,0.148379,-0.007207,-0.988904),fov=30.000000,dt=0.015971},
	{cf=CFrame.new(0.484268,0.423645,-3.037935,-0.988993,-0.003331,-0.147927,-0.002229,0.999968,-0.007620,0.147948,-0.007207,-0.988969),fov=30.000000,dt=0.016544},
	{cf=CFrame.new(0.483902,0.423645,-3.037935,-0.989057,-0.003332,-0.147496,-0.002232,0.999968,-0.007619,0.147517,-0.007207,-0.989033),fov=30.000000,dt=0.017196},
	{cf=CFrame.new(0.483459,0.423645,-3.037935,-0.989137,-0.003332,-0.146958,-0.002236,0.999968,-0.007618,0.146978,-0.007207,-0.989113),fov=30.000000,dt=0.021342},
	{cf=CFrame.new(0.483109,0.423645,-3.037935,-0.989201,-0.003332,-0.146527,-0.002240,0.999969,-0.007617,0.146548,-0.007207,-0.989177),fov=30.000000,dt=0.015804},
	{cf=CFrame.new(0.482834,0.423645,-3.037935,-0.989249,-0.003332,-0.146204,-0.002242,0.999969,-0.007616,0.146225,-0.007207,-0.989225),fov=30.000000,dt=0.012939},
	{cf=CFrame.new(0.482483,0.423645,-3.037935,-0.989312,-0.003332,-0.145773,-0.002246,0.999969,-0.007615,0.145794,-0.007207,-0.989289),fov=30.000000,dt=0.017068},
	{cf=CFrame.new(0.482117,0.423645,-3.037935,-0.989376,-0.003332,-0.145341,-0.002249,0.999968,-0.007614,0.145362,-0.007206,-0.989352),fov=30.000000,dt=0.015990},
	{cf=CFrame.new(0.481766,0.423645,-3.037935,-0.989439,-0.003332,-0.144911,-0.002252,0.999968,-0.007613,0.144932,-0.007206,-0.989415),fov=30.000000,dt=0.016645},
	{cf=CFrame.new(0.481308,0.423645,-3.037935,-0.989518,-0.003332,-0.144372,-0.002257,0.999968,-0.007612,0.144393,-0.007206,-0.989494),fov=30.000000,dt=0.019956},
	{cf=CFrame.new(0.481049,0.423645,-3.037935,-0.989565,-0.003332,-0.144049,-0.002259,0.999968,-0.007611,0.144070,-0.007206,-0.989541),fov=30.000000,dt=0.016939},
	{cf=CFrame.new(0.480331,0.423645,-3.037935,-0.989690,-0.003332,-0.143187,-0.002266,0.999968,-0.007609,0.143207,-0.007206,-0.989666),fov=30.000000,dt=0.029507},
	{cf=CFrame.new(0.479889,0.423645,-3.037935,-0.989768,-0.003332,-0.142648,-0.002270,0.999968,-0.007608,0.142669,-0.007206,-0.989744),fov=30.000000,dt=0.021985},
	{cf=CFrame.new(0.479523,0.423645,-3.037937,-0.989830,-0.003332,-0.142217,-0.002273,0.999968,-0.007607,0.142238,-0.007206,-0.989806),fov=30.000000,dt=0.013233},
	{cf=CFrame.new(0.479263,0.423645,-3.037937,-0.989876,-0.003332,-0.141893,-0.002276,0.999968,-0.007606,0.141914,-0.007206,-0.989853),fov=30.000000,dt=0.015612},
	{cf=CFrame.new(0.478897,0.423645,-3.037937,-0.989938,-0.003332,-0.141462,-0.002279,0.999968,-0.007605,0.141483,-0.007206,-0.989914),fov=30.000000,dt=0.015788},
	{cf=CFrame.new(0.478546,0.423645,-3.037937,-0.990000,-0.003333,-0.141031,-0.002283,0.999968,-0.007604,0.141052,-0.007206,-0.989976),fov=30.000000,dt=0.016946},
	{cf=CFrame.new(0.478180,0.423645,-3.037937,-0.990061,-0.003333,-0.140599,-0.002286,0.999968,-0.007603,0.140620,-0.007206,-0.990037),fov=30.000000,dt=0.016729},
	{cf=CFrame.new(0.477829,0.423645,-3.037937,-0.990122,-0.003333,-0.140169,-0.002290,0.999968,-0.007602,0.140190,-0.007206,-0.990098),fov=30.000000,dt=0.016429},
	{cf=CFrame.new(0.477463,0.423645,-3.037937,-0.990183,-0.003333,-0.139737,-0.002293,0.999968,-0.007601,0.139758,-0.007206,-0.990159),fov=30.000000,dt=0.016570},
	{cf=CFrame.new(0.477020,0.423645,-3.037937,-0.990259,-0.003333,-0.139198,-0.002297,0.999968,-0.007600,0.139219,-0.007206,-0.990235),fov=30.000000,dt=0.020836},
	{cf=CFrame.new(0.476746,0.423645,-3.037937,-0.990304,-0.003333,-0.138874,-0.002300,0.999968,-0.007599,0.138895,-0.007206,-0.990281),fov=30.000000,dt=0.014299},
	{cf=CFrame.new(0.476395,0.423645,-3.037937,-0.990365,-0.003333,-0.138443,-0.002303,0.999968,-0.007598,0.138464,-0.007206,-0.990341),fov=30.000000,dt=0.015541},
	{cf=CFrame.new(0.475952,0.423645,-3.037937,-0.990440,-0.003333,-0.137904,-0.002307,0.999968,-0.007597,0.137925,-0.007206,-0.990416),fov=30.000000,dt=0.018080},
	{cf=CFrame.new(0.475586,0.423645,-3.037937,-0.990500,-0.003333,-0.137473,-0.002311,0.999969,-0.007596,0.137494,-0.007206,-0.990476),fov=30.000000,dt=0.019706},
	{cf=CFrame.new(0.475052,0.423645,-3.037937,-0.990590,-0.003333,-0.136826,-0.002316,0.999968,-0.007595,0.136847,-0.007206,-0.990566),fov=30.000000,dt=0.024901},
	{cf=CFrame.new(0.474609,0.423645,-3.037937,-0.990664,-0.003333,-0.136286,-0.002320,0.999968,-0.007593,0.136307,-0.007206,-0.990640),fov=30.000000,dt=0.018957},
	{cf=CFrame.new(0.474243,0.423645,-3.037937,-0.990723,-0.003333,-0.135855,-0.002323,0.999968,-0.007592,0.135876,-0.007206,-0.990700),fov=30.000000,dt=0.016230},
  {cf=CFrame.new(0.473892,0.423645,-3.037937,-0.990782,-0.003333,-0.135423,-0.002327,0.999968,-0.007591,0.135444,-0.007206,-0.990759),fov=30.000000,dt=0.016758},
	{cf=CFrame.new(0.473526,0.423645,-3.037937,-0.990841,-0.003333,-0.134992,-0.002330,0.999968,-0.007590,0.135013,-0.007206,-0.990818),fov=30.000000,dt=0.018530},
	{cf=CFrame.new(0.473175,0.423645,-3.037939,-0.990900,-0.003333,-0.134560,-0.002333,0.999968,-0.007589,0.134581,-0.007206,-0.990876),fov=30.000000,dt=0.017137},
	{cf=CFrame.new(0.472733,0.423645,-3.037939,-0.990973,-0.003334,-0.134021,-0.002338,0.999968,-0.007588,0.134042,-0.007206,-0.990949),fov=30.000000,dt=0.018579},
	{cf=CFrame.new(0.472275,0.423645,-3.037939,-0.991046,-0.003334,-0.133481,-0.002342,0.999968,-0.007587,0.133502,-0.007206,-0.991022),fov=30.000000,dt=0.021014},
	{cf=CFrame.new(0.471924,0.423645,-3.037939,-0.991104,-0.003334,-0.133050,-0.002345,0.999968,-0.007586,0.133071,-0.007206,-0.991080),fov=30.000000,dt=0.018258},
	{cf=CFrame.new(0.471481,0.423645,-3.037939,-0.991176,-0.003334,-0.132510,-0.002349,0.999968,-0.007585,0.132531,-0.007206,-0.991153),fov=30.000000,dt=0.019664},
	{cf=CFrame.new(0.470901,0.423645,-3.037939,-0.991243,-0.003334,-0.132009,-0.002353,0.999968,-0.007583,0.132031,-0.007206,-0.991219),fov=30.000000,dt=0.018125},
	{cf=CFrame.new(0.469940,0.423645,-3.037939,-0.991338,-0.003334,-0.131296,-0.002359,0.999968,-0.007582,0.131317,-0.007206,-0.991314),fov=30.000000,dt=0.018520},
	{cf=CFrame.new(0.469162,0.423645,-3.037939,-0.991413,-0.003334,-0.130725,-0.002363,0.999968,-0.007580,0.130746,-0.007206,-0.991390),fov=30.000000,dt=0.018565},
	{cf=CFrame.new(0.468185,0.423645,-3.037939,-0.991507,-0.003334,-0.130012,-0.002368,0.999969,-0.007579,0.130033,-0.007206,-0.991484),fov=30.000000,dt=0.019400},
	{cf=CFrame.new(0.467209,0.423645,-3.037939,-0.991600,-0.003334,-0.129299,-0.002374,0.999968,-0.007577,0.129320,-0.007206,-0.991577),fov=30.000000,dt=0.020042},
	{cf=CFrame.new(0.466003,0.423645,-3.037939,-0.991692,-0.003334,-0.128589,-0.002379,0.999969,-0.007575,0.128610,-0.007206,-0.991669),fov=30.000000,dt=0.019493},
	{cf=CFrame.new(0.462311,0.423645,-3.037941,-0.991910,-0.003334,-0.126901,-0.002392,0.999969,-0.007571,0.126922,-0.007206,-0.991887),fov=30.000000,dt=0.024537},
	{cf=CFrame.new(0.459854,0.423645,-3.037941,-0.992053,-0.003334,-0.125774,-0.002401,0.999968,-0.007568,0.125796,-0.007206,-0.992030),fov=30.000000,dt=0.021612},
	{cf=CFrame.new(0.454315,0.423645,-3.037941,-0.992371,-0.003334,-0.123241,-0.002420,0.999969,-0.007562,0.123262,-0.007206,-0.992348),fov=30.000000,dt=0.030867},
	{cf=CFrame.new(0.451843,0.423645,-3.037943,-0.992510,-0.003334,-0.122114,-0.002429,0.999969,-0.007559,0.122135,-0.007206,-0.992487),fov=30.000000,dt=0.015937},
	{cf=CFrame.new(0.448105,0.423645,-3.037943,-0.992690,-0.003334,-0.120644,-0.002440,0.999969,-0.007556,0.120665,-0.007206,-0.992667),fov=30.000000,dt=0.014646},
	{cf=CFrame.new(0.443130,0.423645,-3.037943,-0.992927,-0.003334,-0.118682,-0.002455,0.999968,-0.007551,0.118704,-0.007206,-0.992904),fov=30.000000,dt=0.017169},
	{cf=CFrame.new(0.438141,0.423645,-3.037945,-0.993159,-0.003334,-0.116722,-0.002470,0.999969,-0.007546,0.116743,-0.007206,-0.993136),fov=30.000000,dt=0.015687},
	{cf=CFrame.new(0.430664,0.423645,-3.037945,-0.993500,-0.003334,-0.113780,-0.002492,0.999969,-0.007539,0.113802,-0.007206,-0.993477),fov=30.000000,dt=0.024031},
	{cf=CFrame.new(0.426926,0.423645,-3.037947,-0.993668,-0.003334,-0.112309,-0.002503,0.999969,-0.007535,0.112330,-0.007206,-0.993645),fov=30.000000,dt=0.014494},
	{cf=CFrame.new(0.421936,0.423645,-3.037947,-0.993888,-0.003334,-0.110345,-0.002518,0.999968,-0.007530,0.110367,-0.007206,-0.993865),fov=30.000000,dt=0.014953},
	{cf=CFrame.new(0.415268,0.423645,-3.037949,-0.994164,-0.003334,-0.107826,-0.002537,0.999968,-0.007524,0.107847,-0.007206,-0.994141),fov=30.000000,dt=0.015346},
	{cf=CFrame.new(0.410263,0.423645,-3.037949,-0.994367,-0.003334,-0.105936,-0.002552,0.999968,-0.007519,0.105958,-0.007206,-0.994345),fov=30.000000,dt=0.015405},
	{cf=CFrame.new(0.403595,0.423645,-3.037949,-0.994633,-0.003334,-0.103415,-0.002571,0.999968,-0.007512,0.103437,-0.007206,-0.994610),fov=30.000000,dt=0.016309},
	{cf=CFrame.new(0.396912,0.423645,-3.037951,-0.994892,-0.003334,-0.100894,-0.002590,0.999968,-0.007506,0.100916,-0.007206,-0.994869),fov=30.000000,dt=0.016740},
	{cf=CFrame.new(0.390244,0.423645,-3.037951,-0.995144,-0.003334,-0.098372,-0.002609,0.999968,-0.007499,0.098394,-0.007206,-0.995121),fov=30.000000,dt=0.017633},
	{cf=CFrame.new(0.383575,0.423676,-3.037952,-0.995390,-0.003334,-0.095849,-0.002628,0.999968,-0.007492,0.095871,-0.007206,-0.995368),fov=30.000000,dt=0.015747},
	{cf=CFrame.new(0.376587,0.423676,-3.037952,-0.995640,-0.003334,-0.093222,-0.002648,0.999969,-0.007485,0.093244,-0.007206,-0.995617),fov=30.000000,dt=0.017183},
	{cf=CFrame.new(0.369507,0.423676,-3.037954,-0.995885,-0.003334,-0.090559,-0.002668,0.999968,-0.007478,0.090581,-0.007206,-0.995863),fov=30.000000,dt=0.016418},
	{cf=CFrame.new(0.360641,0.423676,-3.037956,-0.996183,-0.003334,-0.087230,-0.002693,0.999969,-0.007469,0.087252,-0.007206,-0.996160),fov=30.000000,dt=0.018428},
	{cf=CFrame.new(0.351776,0.423676,-3.037956,-0.996469,-0.003334,-0.083899,-0.002718,0.999968,-0.007460,0.083921,-0.007206,-0.996446),fov=30.000000,dt=0.023283},
	{cf=CFrame.new(0.344681,0.423676,-3.037958,-0.996689,-0.003334,-0.081235,-0.002738,0.999968,-0.007453,0.081257,-0.007206,-0.996667),fov=30.000000,dt=0.014232},
	{cf=CFrame.new(0.339371,0.423676,-3.037958,-0.996850,-0.003334,-0.079236,-0.002752,0.999969,-0.007447,0.079258,-0.007206,-0.996828),fov=30.000000,dt=0.014948},
	{cf=CFrame.new(0.332275,0.423676,-3.037960,-0.997059,-0.003334,-0.076570,-0.002772,0.999969,-0.007440,0.076592,-0.007206,-0.997036),fov=30.000000,dt=0.013361},
	{cf=CFrame.new(0.326965,0.423676,-3.037960,-0.997210,-0.003334,-0.074570,-0.002787,0.999969,-0.007434,0.074592,-0.007206,-0.997188),fov=30.000000,dt=0.015817},
	{cf=CFrame.new(0.319870,0.423676,-3.037962,-0.997406,-0.003334,-0.071903,-0.002807,0.999968,-0.007427,0.071926,-0.007206,-0.997384),fov=30.000000,dt=0.016919},
	{cf=CFrame.new(0.312775,0.423676,-3.037962,-0.997595,-0.003334,-0.069236,-0.002827,0.999968,-0.007419,0.069259,-0.007206,-0.997573),fov=30.000000,dt=0.016008},
	{cf=CFrame.new(0.305695,0.423676,-3.037964,-0.997776,-0.003334,-0.066568,-0.002847,0.999968,-0.007412,0.066591,-0.007206,-0.997754),fov=30.000000,dt=0.016498},
	{cf=CFrame.new(0.299927,0.423676,-3.037964,-0.997974,-0.003334,-0.063536,-0.002869,0.999968,-0.007403,0.063558,-0.007206,-0.997952),fov=30.000000,dt=0.017262},
	{cf=CFrame.new(0.294617,0.423676,-3.037966,-0.998170,-0.003334,-0.060382,-0.002893,0.999969,-0.007394,0.060405,-0.007206,-0.998148),fov=30.000000,dt=0.016729},
	{cf=CFrame.new(0.287964,0.423676,-3.037966,-0.998401,-0.003334,-0.056438,-0.002922,0.999968,-0.007382,0.056461,-0.007206,-0.998379),fov=30.000000,dt=0.022919},
	{cf=CFrame.new(0.281311,0.423676,-3.037968,-0.998616,-0.003334,-0.052494,-0.002951,0.999969,-0.007371,0.052517,-0.007206,-0.998594),fov=30.000000,dt=0.015859},
	{cf=CFrame.new(0.277328,0.423676,-3.037968,-0.998737,-0.003334,-0.050127,-0.002969,0.999969,-0.007364,0.050150,-0.007206,-0.998716),fov=30.000000,dt=0.014703},
	{cf=CFrame.new(0.272018,0.423676,-3.037968,-0.998891,-0.003334,-0.046970,-0.002992,0.999968,-0.007354,0.046993,-0.007206,-0.998869),fov=30.000000,dt=0.016576},
	{cf=CFrame.new(0.270248,0.423676,-3.037970,-0.999076,-0.003334,-0.042841,-0.003022,0.999968,-0.007342,0.042864,-0.007206,-0.999055),fov=30.000000,dt=0.013970},
	{cf=CFrame.new(0.268463,0.423676,-3.037970,-0.999245,-0.003334,-0.038710,-0.003053,0.999968,-0.007329,0.038733,-0.007206,-0.999224),fov=30.000000,dt=0.021520},
	{cf=CFrame.new(0.266693,0.423676,-3.037970,-0.999396,-0.003334,-0.034580,-0.003083,0.999969,-0.007317,0.034603,-0.007206,-0.999375),fov=30.000000,dt=0.014666},
	{cf=CFrame.new(0.265366,0.423676,-3.037970,-0.999499,-0.003334,-0.031482,-0.003106,0.999969,-0.007307,0.031505,-0.007206,-0.999478),fov=30.000000,dt=0.012852},
	{cf=CFrame.new(0.263596,0.423676,-3.037970,-0.999620,-0.003334,-0.027350,-0.003136,0.999968,-0.007294,0.027373,-0.007206,-0.999599),fov=30.000000,dt=0.018724},
	{cf=CFrame.new(0.261383,0.423676,-3.037970,-0.999773,-0.003334,-0.021031,-0.003182,0.999968,-0.007274,0.021055,-0.007206,-0.999752),fov=30.000000,dt=0.021608},
	{cf=CFrame.new(0.261383,0.423676,-3.037970,-0.999860,-0.003333,-0.016412,-0.003214,0.999968,-0.007260,0.016435,-0.007206,-0.999839),fov=30.000000,dt=0.019043},
	{cf=CFrame.new(0.261383,0.423676,-3.037970,-0.999960,-0.003332,-0.008328,-0.003272,0.999968,-0.007234,0.008352,-0.007207,-0.999939),fov=30.000000,dt=0.027743},
	{cf=CFrame.new(0.261383,0.423676,-3.037970,-0.999991,-0.003331,-0.002554,-0.003312,0.999968,-0.007216,0.002577,-0.007207,-0.999971),fov=30.000000,dt=0.019074},
	{cf=CFrame.new(0.261383,0.423676,-3.037970,-0.999992,-0.003329,0.002335,-0.003346,0.999968,-0.007200,-0.002311,-0.007208,-0.999971),fov=30.000000,dt=0.016038},
	{cf=CFrame.new(0.261383,0.423676,-3.037970,-0.999952,-0.003328,0.009264,-0.003395,0.999969,-0.007177,-0.009240,-0.007208,-0.999931),fov=30.000000,dt=0.025573},
	{cf=CFrame.new(0.261383,0.423676,-3.037970,-0.999898,-0.003328,0.013884,-0.003427,0.999969,-0.007162,-0.013860,-0.007209,-0.999878),fov=30.000000,dt=0.019494},
	{cf=CFrame.new(0.261383,0.423676,-3.037970,-0.999801,-0.003327,0.019658,-0.003468,0.999968,-0.007142,-0.019633,-0.007209,-0.999781),fov=30.000000,dt=0.020985},
	{cf=CFrame.new(0.261383,0.423676,-3.037970,-0.999671,-0.003327,0.025432,-0.003509,0.999968,-0.007122,-0.025407,-0.007209,-0.999651),fov=30.000000,dt=0.018041},
	{cf=CFrame.new(0.261383,0.423676,-3.037970,-0.999543,-0.003326,0.030051,-0.003541,0.999968,-0.007106,-0.030027,-0.007209,-0.999523),fov=30.000000,dt=0.018250},
	{cf=CFrame.new(0.261383,0.423676,-3.037970,-0.999353,-0.003326,0.035825,-0.003582,0.999969,-0.007086,-0.035800,-0.007209,-0.999333),fov=30.000000,dt=0.018674},
	{cf=CFrame.new(0.261383,0.423676,-3.037970,-0.999176,-0.003325,0.040442,-0.003614,0.999968,-0.007069,-0.040417,-0.007210,-0.999157),fov=30.000000,dt=0.019216},
	{cf=CFrame.new(0.261383,0.423676,-3.037970,-0.998926,-0.003325,0.046214,-0.003655,0.999968,-0.007048,-0.046190,-0.007210,-0.998907),fov=30.000000,dt=0.018016},
	{cf=CFrame.new(0.261383,0.423676,-3.037970,-0.998582,-0.003325,0.053139,-0.003703,0.999969,-0.007023,-0.053114,-0.007210,-0.998562),fov=30.000000,dt=0.027675},
	{cf=CFrame.new(0.261383,0.423676,-3.037970,-0.998258,-0.003325,0.058909,-0.003743,0.999969,-0.007001,-0.058883,-0.007210,-0.998239),fov=30.000000,dt=0.020653},
	{cf=CFrame.new(0.261383,0.423676,-3.037970,-0.997901,-0.003324,0.064677,-0.003784,0.999968,-0.006980,-0.064651,-0.007210,-0.997882),fov=30.000000,dt=0.019799},
	{cf=CFrame.new(0.261383,0.423676,-3.037970,-0.997510,-0.003324,0.070442,-0.003824,0.999968,-0.006958,-0.070417,-0.007210,-0.997492),fov=30.000000,dt=0.020043},
	{cf=CFrame.new(0.261383,0.423676,-3.037970,-0.996998,-0.003324,0.077360,-0.003872,0.999969,-0.006931,-0.077334,-0.007210,-0.996979),fov=30.000000,dt=0.027293},
	{cf=CFrame.new(0.261383,0.423676,-3.037970,-0.996629,-0.003325,0.081969,-0.003904,0.999969,-0.006913,-0.081943,-0.007210,-0.996611),fov=30.000000,dt=0.015753},
	{cf=CFrame.new(0.261383,0.423676,-3.037970,-0.996240,-0.003325,0.086576,-0.003936,0.999968,-0.006895,-0.086551,-0.007210,-0.996221),fov=30.000000,dt=0.016885},
	{cf=CFrame.new(0.261383,0.423676,-3.037970,-0.995829,-0.003325,0.091183,-0.003968,0.999969,-0.006876,-0.091157,-0.007209,-0.995810),fov=30.000000,dt=0.013922},
	{cf=CFrame.new(0.261383,0.423676,-3.037970,-0.995506,-0.003325,0.094636,-0.003992,0.999969,-0.006862,-0.094610,-0.007209,-0.995488),fov=30.000000,dt=0.014456},
	{cf=CFrame.new(0.261383,0.423676,-3.037970,-0.995058,-0.003325,0.099240,-0.004024,0.999969,-0.006844,-0.099214,-0.007209,-0.995040),fov=30.000000,dt=0.014950},
	{cf=CFrame.new(0.261383,0.423676,-3.037970,-0.994468,-0.003326,0.104990,-0.004064,0.999968,-0.006820,-0.104964,-0.007209,-0.994450),fov=30.000000,dt=0.020984},
	{cf=CFrame.new(0.261383,0.423676,-3.037970,-0.994097,-0.003326,0.108439,-0.004088,0.999969,-0.006806,-0.108413,-0.007209,-0.994080),fov=30.000000,dt=0.018118},
	{cf=CFrame.new(0.261383,0.423676,-3.037970,-0.993585,-0.003327,0.113037,-0.004120,0.999969,-0.006786,-0.113011,-0.007209,-0.993568),fov=30.000000,dt=0.013432},
	{cf=CFrame.new(0.261383,0.423676,-3.037970,-0.993052,-0.003327,0.117632,-0.004152,0.999968,-0.006767,-0.117606,-0.007208,-0.993034),fov=30.000000,dt=0.014516},
	{cf=CFrame.new(0.261383,0.423676,-3.037970,-0.992355,-0.003328,0.123373,-0.004192,0.999968,-0.006743,-0.123346,-0.007208,-0.992337),fov=30.000000,dt=0.020433},
	{cf=CFrame.new(0.261383,0.423676,-3.037970,-0.991921,-0.003328,0.126815,-0.004215,0.999968,-0.006728,-0.126789,-0.007208,-0.991904),fov=30.000000,dt=0.014673},
	{cf=CFrame.new(0.261383,0.423676,-3.037970,-0.991475,-0.003329,0.130256,-0.004239,0.999969,-0.006713,-0.130230,-0.007208,-0.991458),fov=30.000000,dt=0.013768},
	{cf=CFrame.new(0.261383,0.423676,-3.037970,-0.990862,-0.003329,0.134842,-0.004271,0.999968,-0.006693,-0.134815,-0.007207,-0.990845),fov=30.000000,dt=0.013068},
	{cf=CFrame.new(0.261383,0.423676,-3.037970,-0.990388,-0.003330,0.138279,-0.004294,0.999968,-0.006678,-0.138253,-0.007207,-0.990371),fov=30.000000,dt=0.015749},
	{cf=CFrame.new(0.261383,0.423676,-3.037970,-0.989737,-0.003331,0.142861,-0.004326,0.999969,-0.006657,-0.142834,-0.007207,-0.989720),fov=30.000000,dt=0.016785},
	{cf=CFrame.new(0.261383,0.423676,-3.037970,-0.988894,-0.003332,0.148583,-0.004365,0.999968,-0.006632,-0.148556,-0.007207,-0.988878),fov=30.000000,dt=0.020469},
	{cf=CFrame.new(0.261383,0.423676,-3.037970,-0.988373,-0.003332,0.152014,-0.004389,0.999969,-0.006616,-0.151987,-0.007206,-0.988356),fov=30.000000,dt=0.013839},
	{cf=CFrame.new(0.261383,0.423676,-3.037970,-0.987659,-0.003333,0.156585,-0.004420,0.999968,-0.006595,-0.156558,-0.007206,-0.987642),fov=30.000000,dt=0.015753},
	{cf=CFrame.new(0.261383,0.423676,-3.037970,-0.986924,-0.003334,0.161155,-0.004452,0.999969,-0.006574,-0.161128,-0.007206,-0.986907),fov=30.000000,dt=0.016279},
	{cf=CFrame.new(0.266129,0.423706,-3.036478,-0.985827,-0.003334,0.167733,-0.004496,0.999969,-0.006544,-0.167706,-0.007206,-0.985811),fov=30.000000,dt=0.016652},
	{cf=CFrame.new(0.272446,0.423737,-3.034487,-0.984567,-0.003334,0.174975,-0.004543,0.999968,-0.006511,-0.174947,-0.007206,-0.984551),fov=30.000000,dt=0.017262},
	{cf=CFrame.new(0.280350,0.423798,-3.031998,-0.982918,-0.003334,0.184014,-0.004603,0.999968,-0.006469,-0.183987,-0.007206,-0.982902),fov=30.000000,dt=0.021517},
	{cf=CFrame.new(0.286682,0.423828,-3.030008,-0.981539,-0.003334,0.191235,-0.004650,0.999968,-0.006435,-0.191207,-0.007206,-0.981523),fov=30.000000,dt=0.014084},
	{cf=CFrame.new(0.291428,0.423859,-3.028515,-0.980469,-0.003334,0.196643,-0.004686,0.999968,-0.006409,-0.196616,-0.007206,-0.980454),fov=30.000000,dt=0.013920},
	{cf=CFrame.new(0.297745,0.423889,-3.026524,-0.978997,-0.003334,0.203846,-0.004733,0.999969,-0.006375,-0.203818,-0.007206,-0.978982),fov=30.000000,dt=0.016512},
	{cf=CFrame.new(0.308823,0.423950,-3.023041,-0.977039,-0.003334,0.213034,-0.004793,0.999968,-0.006330,-0.213006,-0.007206,-0.977024),fov=30.000000,dt=0.017314},
	{cf=CFrame.new(0.327789,0.424072,-3.017069,-0.973708,-0.003334,0.227776,-0.004888,0.999969,-0.006257,-0.227748,-0.007206,-0.973693),fov=30.000000,dt=0.022799},
	{cf=CFrame.new(0.337280,0.424103,-3.014084,-0.971959,-0.003335,0.235129,-0.004935,0.999969,-0.006220,-0.235100,-0.007206,-0.971944),fov=30.000000,dt=0.017691},
	{cf=CFrame.new(0.441605,0.425049,-2.931150,-0.956088,-0.003327,0.293062,-0.005294,0.999969,-0.005916,-0.293033,-0.007208,-0.956075),fov=30.000000,dt=0.024761},
	{cf=CFrame.new(0.486328,0.425476,-2.895601,-0.948224,-0.003327,0.317585,-0.005443,0.999969,-0.005778,-0.317556,-0.007208,-0.948212),fov=30.000000,dt=0.014446},
	{cf=CFrame.new(0.545944,0.426025,-2.848206,-0.936760,-0.003328,0.349955,-0.005640,0.999969,-0.005587,-0.349926,-0.007207,-0.936750),fov=30.000000,dt=0.014070},
	{cf=CFrame.new(0.620483,0.426697,-2.788958,-0.920878,-0.003333,0.389838,-0.005878,0.999968,-0.005337,-0.389808,-0.007206,-0.920868),fov=30.000000,dt=0.022788},
	{cf=CFrame.new(0.697250,0.427429,-2.721853,-0.902946,-0.003331,0.429740,-0.006104,0.999968,-0.005076,-0.429710,-0.007206,-0.902938),fov=30.000000,dt=0.014278},
	{cf=CFrame.new(0.779755,0.428223,-2.648167,-0.881810,-0.003329,0.471594,-0.006334,0.999968,-0.004785,-0.471563,-0.007207,-0.881803),fov=30.000000,dt=0.015701},
	{cf=CFrame.new(0.841629,0.428833,-2.592901,-0.864682,-0.003331,0.502308,-0.006500,0.999968,-0.004558,-0.502277,-0.007206,-0.864677),fov=30.000000,dt=0.015826},
	{cf=CFrame.new(1.092422,0.431458,-2.346956,-0.785629,-0.003321,0.618688,-0.007068,0.999969,-0.003607,-0.618657,-0.007207,-0.785628),fov=30.000000,dt=0.030998},
	{cf=CFrame.new(1.197189,0.432587,-2.242397,-0.747994,-0.003324,0.663698,-0.007269,0.999969,-0.003184,-0.663666,-0.007206,-0.747994),fov=30.000000,dt=0.014576},
	{cf=CFrame.new(1.546219,0.608643,-0.744795,-0.235100,-0.002687,0.971967,-0.007487,0.999971,0.000954,-0.971942,-0.007053,-0.235113),fov=30.000000,dt=0.015624},
	{cf=CFrame.new(2.280365,1.134644,3.443110,0.987628,-0.003333,0.156778,0.002161,0.999968,0.007645,-0.156798,-0.007211,0.987604),fov=30.000000,dt=0.057970},
	{cf=CFrame.new(2.280365,1.134644,3.443110,0.987628,-0.003333,0.156778,0.002161,0.999968,0.007645,-0.156798,-0.007211,0.987604),fov=30.000000,dt=0.027083},
	{cf=CFrame.new(2.280365,1.134644,3.443110,0.987628,-0.003333,0.156778,0.002161,0.999968,0.007645,-0.156798,-0.007211,0.987604),fov=30.000000,dt=0.017335},
	{cf=CFrame.new(2.280365,1.134644,3.443110,0.987628,-0.003333,0.156778,0.002161,0.999968,0.007645,-0.156798,-0.007211,0.987604),fov=30.000000,dt=0.030185},
	{cf=CFrame.new(2.280365,1.134644,3.443110,0.987628,-0.003333,0.156778,0.002161,0.999968,0.007645,-0.156798,-0.007211,0.987604),fov=30.000000,dt=0.018352},
	{cf=CFrame.new(2.280365,1.134644,3.443110,0.987628,-0.003333,0.156778,0.002161,0.999968,0.007645,-0.156798,-0.007211,0.987604),fov=30.000000,dt=0.020105},
	{cf=CFrame.new(2.280365,1.134644,3.443110,0.987628,-0.003333,0.156778,0.002161,0.999968,0.007645,-0.156798,-0.007211,0.987604),fov=30.000000,dt=0.018518},
	{cf=CFrame.new(2.280365,1.134644,3.443110,0.987628,-0.003333,0.156778,0.002161,0.999968,0.007645,-0.156798,-0.007211,0.987604),fov=30.000000,dt=0.025897},
	{cf=CFrame.new(2.280365,1.134644,3.443110,0.987628,-0.003333,0.156778,0.002161,0.999968,0.007645,-0.156798,-0.007211,0.987604),fov=30.000000,dt=0.016375},
	{cf=CFrame.new(2.280365,1.134644,3.443110,0.987628,-0.003333,0.156778,0.002161,0.999968,0.007645,-0.156798,-0.007211,0.987604),fov=30.000000,dt=0.015947},
	{cf=CFrame.new(2.280365,1.134644,3.443110,0.987628,-0.003333,0.156778,0.002161,0.999968,0.007645,-0.156798,-0.007211,0.987604),fov=30.000000,dt=0.017506},
	{cf=CFrame.new(2.280365,1.134644,3.443110,0.987628,-0.003333,0.156778,0.002161,0.999968,0.007645,-0.156798,-0.007211,0.987604),fov=30.000000,dt=0.018829},
	{cf=CFrame.new(2.280365,1.134644,3.443110,0.987628,-0.003333,0.156778,0.002161,0.999968,0.007645,-0.156798,-0.007211,0.987604),fov=30.000000,dt=0.019858},
	{cf=CFrame.new(2.280365,1.134644,3.443110,0.987628,-0.003333,0.156778,0.002161,0.999968,0.007645,-0.156798,-0.007211,0.987604),fov=30.000000,dt=0.026004},
	{cf=CFrame.new(2.280365,1.134644,3.443110,0.987628,-0.003333,0.156778,0.002161,0.999968,0.007645,-0.156798,-0.007211,0.987604),fov=30.000000,dt=0.020007},
	{cf=CFrame.new(2.280365,1.134644,3.443110,0.987628,-0.003333,0.156778,0.002161,0.999968,0.007645,-0.156798,-0.007211,0.987604),fov=30.000000,dt=0.019181},
	{cf=CFrame.new(2.280365,1.134644,3.443110,0.987628,-0.003333,0.156778,0.002161,0.999968,0.007645,-0.156798,-0.007211,0.987604),fov=30.000000,dt=0.017832},
	{cf=CFrame.new(2.280365,1.134644,3.443110,0.987628,-0.003333,0.156778,0.002161,0.999968,0.007645,-0.156798,-0.007211,0.987604),fov=30.000000,dt=0.022100},
	{cf=CFrame.new(2.280365,1.134644,3.443110,0.987628,-0.003333,0.156778,0.002161,0.999968,0.007645,-0.156798,-0.007211,0.987604),fov=30.000000,dt=0.014762},
	{cf=CFrame.new(2.280365,1.134644,3.443110,0.987628,-0.003333,0.156778,0.002161,0.999968,0.007645,-0.156798,-0.007211,0.987604),fov=30.000000,dt=0.013000},
	{cf=CFrame.new(2.280365,1.134644,3.443110,0.987628,-0.003333,0.156778,0.002161,0.999968,0.007645,-0.156798,-0.007211,0.987604),fov=30.000000,dt=0.012437},
	{cf=CFrame.new(2.280365,1.134644,3.443110,0.987628,-0.003333,0.156778,0.002161,0.999968,0.007645,-0.156798,-0.007211,0.987604),fov=30.000000,dt=0.013791},
	{cf=CFrame.new(2.280365,1.134644,3.443110,0.987628,-0.003333,0.156778,0.002161,0.999968,0.007645,-0.156798,-0.007211,0.987604),fov=30.000000,dt=0.013412},
	{cf=CFrame.new(2.280365,1.134644,3.443110,0.987628,-0.003333,0.156778,0.002161,0.999968,0.007645,-0.156798,-0.007211,0.987604),fov=30.000000,dt=0.016195},
	{cf=CFrame.new(2.280365,1.134644,3.443110,0.987628,-0.003333,0.156778,0.002161,0.999968,0.007645,-0.156798,-0.007211,0.987604),fov=30.000000,dt=0.016301},
	{cf=CFrame.new(2.280365,1.134644,3.443110,0.987628,-0.003333,0.156778,0.002161,0.999968,0.007645,-0.156798,-0.007211,0.987604),fov=30.000000,dt=0.016692},
	{cf=CFrame.new(2.280365,1.134644,3.443110,0.987628,-0.003333,0.156778,0.002161,0.999968,0.007645,-0.156798,-0.007211,0.987604),fov=30.000000,dt=0.016342},
	{cf=CFrame.new(2.280365,1.134644,3.443110,0.987628,-0.003333,0.156778,0.002161,0.999968,0.007645,-0.156798,-0.007211,0.987604),fov=30.000000,dt=0.024068},
	{cf=CFrame.new(2.280365,1.134644,3.443110,0.987628,-0.003333,0.156778,0.002161,0.999968,0.007645,-0.156798,-0.007211,0.987604),fov=30.000000,dt=0.019710},
	{cf=CFrame.new(2.280365,1.134644,3.443110,0.987628,-0.003333,0.156778,0.002161,0.999968,0.007645,-0.156798,-0.007211,0.987604),fov=30.000000,dt=0.028626},
	{cf=CFrame.new(2.280365,1.134644,3.443110,0.987628,-0.003333,0.156778,0.002161,0.999968,0.007645,-0.156798,-0.007211,0.987604),fov=30.000000,dt=0.025120},
	{cf=CFrame.new(2.280365,1.134644,3.443110,0.987628,-0.003333,0.156778,0.002161,0.999968,0.007645,-0.156798,-0.007211,0.987604),fov=30.000000,dt=0.014003},
	{cf=CFrame.new(2.280365,1.134644,3.443110,0.987628,-0.003333,0.156778,0.002161,0.999968,0.007645,-0.156798,-0.007211,0.987604),fov=30.000000,dt=0.012930},
	{cf=CFrame.new(2.280365,1.134644,3.443110,0.987628,-0.003333,0.156778,0.002161,0.999968,0.007645,-0.156798,-0.007211,0.987604),fov=30.000000,dt=0.019938},
	{cf=CFrame.new(2.280365,1.134644,3.443110,0.987628,-0.003333,0.156778,0.002161,0.999968,0.007645,-0.156798,-0.007211,0.987604),fov=30.000000,dt=0.016996},
	{cf=CFrame.new(2.280365,1.134644,3.443110,0.987628,-0.003333,0.156778,0.002161,0.999968,0.007645,-0.156798,-0.007211,0.987604),fov=30.000000,dt=0.026504},
	{cf=CFrame.new(2.280365,1.134644,3.443110,0.987628,-0.003333,0.156778,0.002161,0.999968,0.007645,-0.156798,-0.007211,0.987604),fov=30.000000,dt=0.014811},
	{cf=CFrame.new(2.280365,1.134644,3.443110,0.987628,-0.003333,0.156778,0.002161,0.999968,0.007645,-0.156798,-0.007211,0.987604),fov=30.000000,dt=0.014045},
	{cf=CFrame.new(2.280365,1.134644,3.443110,0.987628,-0.003333,0.156778,0.002161,0.999968,0.007645,-0.156798,-0.007211,0.987604),fov=30.000000,dt=0.016599},
	{cf=CFrame.new(2.280365,1.134644,3.443110,0.987628,-0.003333,0.156778,0.002161,0.999968,0.007645,-0.156798,-0.007211,0.987604),fov=30.000000,dt=0.020406},
	{cf=CFrame.new(2.280365,1.134644,3.443110,0.987628,-0.003333,0.156778,0.002161,0.999968,0.007645,-0.156798,-0.007211,0.987604),fov=30.000000,dt=0.013762},
	{cf=CFrame.new(2.280365,1.134644,3.443110,0.987628,-0.003333,0.156778,0.002161,0.999968,0.007645,-0.156798,-0.007211,0.987604),fov=30.000000,dt=0.015754},
	{cf=CFrame.new(2.280365,1.134644,3.443110,0.987628,-0.003333,0.156778,0.002161,0.999968,0.007645,-0.156798,-0.007211,0.987604),fov=30.000000,dt=0.017338},
	{cf=CFrame.new(2.280365,1.134644,3.443110,0.987628,-0.003333,0.156778,0.002161,0.999968,0.007645,-0.156798,-0.007211,0.987604),fov=30.000000,dt=0.016810},
	{cf=CFrame.new(2.280365,1.134644,3.443110,0.987628,-0.003333,0.156778,0.002161,0.999968,0.007645,-0.156798,-0.007211,0.987604),fov=30.000000,dt=0.020199},
	{cf=CFrame.new(2.280365,1.134644,3.443110,0.987628,-0.003333,0.156778,0.002161,0.999968,0.007645,-0.156798,-0.007211,0.987604),fov=30.000000,dt=0.013080},
	{cf=CFrame.new(2.280365,1.134644,3.443110,0.987628,-0.003333,0.156778,0.002161,0.999968,0.007645,-0.156798,-0.007211,0.987604),fov=30.000000,dt=0.016577},
	{cf=CFrame.new(2.280365,1.134644,3.443110,0.987628,-0.003333,0.156778,0.002161,0.999968,0.007645,-0.156798,-0.007211,0.987604),fov=30.000000,dt=0.016229},
	{cf=CFrame.new(2.280365,1.134644,3.443110,0.987628,-0.003333,0.156778,0.002161,0.999968,0.007645,-0.156798,-0.007211,0.987604),fov=30.000000,dt=0.016739},
	{cf=CFrame.new(2.280365,1.134644,3.443110,0.987628,-0.003333,0.156778,0.002161,0.999968,0.007645,-0.156798,-0.007211,0.987604),fov=30.000000,dt=0.016969},
	{cf=CFrame.new(2.280365,1.134644,3.443110,0.987628,-0.003333,0.156778,0.002161,0.999968,0.007645,-0.156798,-0.007211,0.987604),fov=30.000000,dt=0.016146},
	{cf=CFrame.new(2.280365,1.134644,3.443110,0.987628,-0.003333,0.156778,0.002161,0.999968,0.007645,-0.156798,-0.007211,0.987604),fov=30.000000,dt=0.017542},
	{cf=CFrame.new(2.280365,1.134644,3.443110,0.987628,-0.003333,0.156778,0.002161,0.999968,0.007645,-0.156798,-0.007211,0.987604),fov=30.000000,dt=0.016768},
	{cf=CFrame.new(2.280365,1.134644,3.443110,0.987628,-0.003333,0.156778,0.002161,0.999968,0.007645,-0.156798,-0.007211,0.987604),fov=30.000000,dt=0.016455},
	{cf=CFrame.new(2.280365,1.134644,3.443110,0.987628,-0.003333,0.156778,0.002161,0.999968,0.007645,-0.156798,-0.007211,0.987604),fov=30.000000,dt=0.025061},
	{cf=CFrame.new(2.280365,1.134644,3.443110,0.987628,-0.003333,0.156778,0.002161,0.999968,0.007645,-0.156798,-0.007211,0.987604),fov=30.000000,dt=0.019979},
	{cf=CFrame.new(2.280365,1.134644,3.443110,0.987628,-0.003333,0.156778,0.002161,0.999968,0.007645,-0.156798,-0.007211,0.987604),fov=30.000000,dt=0.018245},
	{cf=CFrame.new(2.280365,1.134644,3.443110,0.987628,-0.003333,0.156778,0.002161,0.999968,0.007645,-0.156798,-0.007211,0.987604),fov=30.000000,dt=0.019126},
	{cf=CFrame.new(2.280365,1.134644,3.443110,0.987628,-0.003333,0.156778,0.002161,0.999968,0.007645,-0.156798,-0.007211,0.987604),fov=30.000000,dt=0.021744},
	{cf=CFrame.new(2.280365,1.134644,3.443110,0.987628,-0.003333,0.156778,0.002161,0.999968,0.007645,-0.156798,-0.007211,0.987604),fov=30.000000,dt=0.024694},
	{cf=CFrame.new(2.280365,1.134644,3.443110,0.987628,-0.003333,0.156778,0.002161,0.999968,0.007645,-0.156798,-0.007211,0.987604),fov=30.000000,dt=0.017549},
	{cf=CFrame.new(2.280365,1.134644,3.443110,0.987628,-0.003333,0.156778,0.002161,0.999968,0.007645,-0.156798,-0.007211,0.987604),fov=30.000000,dt=0.019901},
	{cf=CFrame.new(2.280365,1.134644,3.443110,0.987628,-0.003333,0.156778,0.002161,0.999968,0.007645,-0.156798,-0.007211,0.987604),fov=30.000000,dt=0.020041},
	{cf=CFrame.new(2.280365,1.134644,3.443110,0.987628,-0.003333,0.156778,0.002161,0.999968,0.007645,-0.156798,-0.007211,0.987604),fov=30.000000,dt=0.018117},
	{cf=CFrame.new(2.280365,1.134644,3.443110,0.987628,-0.003333,0.156778,0.002161,0.999968,0.007645,-0.156798,-0.007211,0.987604),fov=30.000000,dt=0.018009},
	{cf=CFrame.new(2.280365,1.134644,3.443110,0.987628,-0.003333,0.156778,0.002161,0.999968,0.007645,-0.156798,-0.007211,0.987604),fov=30.000000,dt=0.025598},
	{cf=CFrame.new(2.280365,1.134644,3.443110,0.987628,-0.003333,0.156778,0.002161,0.999968,0.007645,-0.156798,-0.007211,0.987604),fov=30.000000,dt=0.019245},
	{cf=CFrame.new(2.280365,1.134644,3.443110,0.987628,-0.003333,0.156778,0.002161,0.999968,0.007645,-0.156798,-0.007211,0.987604),fov=30.000000,dt=0.019811},
	{cf=CFrame.new(2.280365,1.134644,3.443110,0.987628,-0.003333,0.156778,0.002161,0.999968,0.007645,-0.156798,-0.007211,0.987604),fov=30.000000,dt=0.018866},
	{cf=CFrame.new(2.280365,1.134644,3.443110,0.987628,-0.003333,0.156778,0.002161,0.999968,0.007645,-0.156798,-0.007211,0.987604),fov=30.000000,dt=0.017599},
	{cf=CFrame.new(2.280365,1.134644,3.443110,0.987628,-0.003333,0.156778,0.002161,0.999968,0.007645,-0.156798,-0.007211,0.987604),fov=30.000000,dt=0.022208},
	{cf=CFrame.new(2.280365,1.134644,3.443110,0.987628,-0.003333,0.156778,0.002161,0.999968,0.007645,-0.156798,-0.007211,0.987604),fov=30.000000,dt=0.015631},
	{cf=CFrame.new(2.280365,1.134644,3.443110,0.987628,-0.003333,0.156778,0.002161,0.999968,0.007645,-0.156798,-0.007211,0.987604),fov=30.000000,dt=0.015308},
	{cf=CFrame.new(2.280365,1.134644,3.443110,0.987628,-0.003333,0.156778,0.002161,0.999968,0.007645,-0.156798,-0.007211,0.987604),fov=30.000000,dt=0.013734},
	{cf=CFrame.new(2.280365,1.134644,3.443110,0.987628,-0.003333,0.156778,0.002161,0.999968,0.007645,-0.156798,-0.007211,0.987604),fov=30.000000,dt=0.013206},
	{cf=CFrame.new(2.280365,1.134644,3.443110,0.987628,-0.003333,0.156778,0.002161,0.999968,0.007645,-0.156798,-0.007211,0.987604),fov=30.000000,dt=0.014045},
	{cf=CFrame.new(2.280365,1.134644,3.443110,0.987628,-0.003333,0.156778,0.002161,0.999968,0.007645,-0.156798,-0.007211,0.987604),fov=30.000000,dt=0.015926},
	{cf=CFrame.new(2.280365,1.134644,3.443110,0.987628,-0.003333,0.156778,0.002161,0.999968,0.007645,-0.156798,-0.007211,0.987604),fov=30.000000,dt=0.015730},
	{cf=CFrame.new(2.280365,1.134644,3.443110,0.987628,-0.003333,0.156778,0.002161,0.999968,0.007645,-0.156798,-0.007211,0.987604),fov=30.000000,dt=0.016828},
	{cf=CFrame.new(2.280365,1.134644,3.443110,0.987628,-0.003333,0.156778,0.002161,0.999968,0.007645,-0.156798,-0.007211,0.987604),fov=30.000000,dt=0.016861},
	{cf=CFrame.new(2.280365,1.134644,3.443110,0.987628,-0.003333,0.156778,0.002161,0.999968,0.007645,-0.156798,-0.007211,0.987604),fov=30.000000,dt=0.022096},
	{cf=CFrame.new(2.280365,1.134644,3.443110,0.987628,-0.003333,0.156778,0.002161,0.999968,0.007645,-0.156798,-0.007211,0.987604),fov=30.000000,dt=0.014642},
	{cf=CFrame.new(2.280365,1.134644,3.443110,0.987628,-0.003333,0.156778,0.002161,0.999968,0.007645,-0.156798,-0.007211,0.987604),fov=30.000000,dt=0.012846},
	{cf=CFrame.new(2.280365,1.134644,3.443110,0.987628,-0.003333,0.156778,0.002161,0.999968,0.007645,-0.156798,-0.007211,0.987604),fov=30.000000,dt=0.016753},
	{cf=CFrame.new(2.280365,1.134644,3.443110,0.987628,-0.003333,0.156778,0.002161,0.999968,0.007645,-0.156798,-0.007211,0.987604),fov=30.000000,dt=0.016682},
	{cf=CFrame.new(2.280365,1.134644,3.443110,0.987628,-0.003333,0.156778,0.002161,0.999968,0.007645,-0.156798,-0.007211,0.987604),fov=30.000000,dt=0.016676},
	{cf=CFrame.new(2.280365,1.134644,3.443110,0.987628,-0.003333,0.156778,0.002161,0.999968,0.007645,-0.156798,-0.007211,0.987604),fov=30.000000,dt=0.017766},
	{cf=CFrame.new(2.280365,1.134644,3.443110,0.987628,-0.003333,0.156778,0.002161,0.999968,0.007645,-0.156798,-0.007211,0.987604),fov=30.000000,dt=0.015860},
	{cf=CFrame.new(2.280365,1.134644,3.443110,0.987628,-0.003333,0.156778,0.002161,0.999968,0.007645,-0.156798,-0.007211,0.987604),fov=30.000000,dt=0.016728},
	{cf=CFrame.new(2.280365,1.134644,3.443110,0.987628,-0.003333,0.156778,0.002161,0.999968,0.007645,-0.156798,-0.007211,0.987604),fov=30.000000,dt=0.016620},
	{cf=CFrame.new(2.280365,1.134644,3.443110,0.987628,-0.003333,0.156778,0.002161,0.999968,0.007645,-0.156798,-0.007211,0.987604),fov=30.000000,dt=0.016533},
	{cf=CFrame.new(2.280365,1.134644,3.443110,0.987628,-0.003333,0.156778,0.002161,0.999968,0.007645,-0.156798,-0.007211,0.987604),fov=30.000000,dt=0.016853},
	{cf=CFrame.new(2.280365,1.134644,3.443110,0.987628,-0.003333,0.156778,0.002161,0.999968,0.007645,-0.156798,-0.007211,0.987604),fov=30.000000,dt=0.022401},
	{cf=CFrame.new(2.280365,1.134644,3.443110,0.987628,-0.003333,0.156778,0.002161,0.999968,0.007645,-0.156798,-0.007211,0.987604),fov=30.000000,dt=0.013510},
	{cf=CFrame.new(2.280365,1.134644,3.443110,0.987628,-0.003333,0.156778,0.002161,0.999968,0.007645,-0.156798,-0.007211,0.987604),fov=30.000000,dt=0.015854},
	{cf=CFrame.new(2.280365,1.134644,3.443110,0.987628,-0.003333,0.156778,0.002161,0.999968,0.007645,-0.156798,-0.007211,0.987604),fov=30.000000,dt=0.024595},
	{cf=CFrame.new(2.280365,1.134644,3.443110,0.987628,-0.003333,0.156778,0.002161,0.999968,0.007645,-0.156798,-0.007211,0.987604),fov=30.000000,dt=0.014092},
	{cf=CFrame.new(2.280365,1.134644,3.443110,0.987628,-0.003333,0.156778,0.002161,0.999968,0.007645,-0.156798,-0.007211,0.987604),fov=30.000000,dt=0.014830},
	{cf=CFrame.new(2.280365,1.134644,3.443110,0.987628,-0.003333,0.156778,0.002161,0.999968,0.007645,-0.156798,-0.007211,0.987604),fov=30.000000,dt=0.013659},
	{cf=CFrame.new(2.280365,1.134644,3.443110,0.987628,-0.003333,0.156778,0.002161,0.999968,0.007645,-0.156798,-0.007211,0.987604),fov=30.000000,dt=0.014079},
	{cf=CFrame.new(2.280365,1.134644,3.443110,0.987628,-0.003333,0.156778,0.002161,0.999968,0.007645,-0.156798,-0.007211,0.987604),fov=30.000000,dt=0.016852},
	{cf=CFrame.new(2.280365,1.134644,3.443110,0.987628,-0.003333,0.156778,0.002161,0.999968,0.007645,-0.156798,-0.007211,0.987604),fov=30.000000,dt=0.016670},
	{cf=CFrame.new(2.280365,1.134644,3.443110,0.987628,-0.003333,0.156778,0.002161,0.999968,0.007645,-0.156798,-0.007211,0.987604),fov=30.000000,dt=0.020380},
	{cf=CFrame.new(2.280365,1.134644,3.443110,0.987628,-0.003333,0.156778,0.002161,0.999968,0.007645,-0.156798,-0.007211,0.987604),fov=30.000000,dt=0.014552},
	{cf=CFrame.new(2.280365,1.134644,3.443110,0.987628,-0.003333,0.156778,0.002161,0.999968,0.007645,-0.156798,-0.007211,0.987604),fov=30.000000,dt=0.014672},
	{cf=CFrame.new(2.280365,1.134644,3.443110,0.987628,-0.003333,0.156778,0.002161,0.999968,0.007645,-0.156798,-0.007211,0.987604),fov=30.000000,dt=0.017049},
	{cf=CFrame.new(2.280365,1.134644,3.443110,0.987628,-0.003333,0.156778,0.002161,0.999968,0.007645,-0.156798,-0.007211,0.987604),fov=30.000000,dt=0.016570},
	{cf=CFrame.new(2.280365,1.134644,3.443110,0.987628,-0.003333,0.156778,0.002161,0.999968,0.007645,-0.156798,-0.007211,0.987604),fov=30.000000,dt=0.016468},
	{cf=CFrame.new(2.280365,1.134644,3.443110,0.987628,-0.003333,0.156778,0.002161,0.999968,0.007645,-0.156798,-0.007211,0.987604),fov=30.000000,dt=0.016821},
	{cf=CFrame.new(2.280365,1.134644,3.443110,0.987628,-0.003333,0.156778,0.002161,0.999968,0.007645,-0.156798,-0.007211,0.987604),fov=30.000000,dt=0.018631},
	{cf=CFrame.new(2.280365,1.134644,3.443110,0.987628,-0.003333,0.156778,0.002161,0.999968,0.007645,-0.156798,-0.007211,0.987604),fov=30.000000,dt=0.020248},
	{cf=CFrame.new(2.280365,1.134644,3.443110,0.987628,-0.003333,0.156778,0.002161,0.999968,0.007645,-0.156798,-0.007211,0.987604),fov=30.000000,dt=0.017591},
	{cf=CFrame.new(2.280365,1.134644,3.443110,0.987628,-0.003333,0.156778,0.002161,0.999968,0.007645,-0.156798,-0.007211,0.987604),fov=30.000000,dt=0.019395},
	{cf=CFrame.new(2.280365,1.134644,3.443110,0.987628,-0.003333,0.156778,0.002161,0.999968,0.007645,-0.156798,-0.007211,0.987604),fov=30.000000,dt=0.017723},
	{cf=CFrame.new(2.280365,1.134644,3.443110,0.987628,-0.003333,0.156778,0.002161,0.999968,0.007645,-0.156798,-0.007211,0.987604),fov=30.000000,dt=0.017406},
	{cf=CFrame.new(2.280365,1.134644,3.443110,0.987628,-0.003333,0.156778,0.002161,0.999968,0.007645,-0.156798,-0.007211,0.987604),fov=30.000000,dt=0.018308},
	{cf=CFrame.new(2.280365,1.134644,3.443110,0.987628,-0.003333,0.156778,0.002161,0.999968,0.007645,-0.156798,-0.007211,0.987604),fov=30.000000,dt=0.019859},
	{cf=CFrame.new(2.280365,1.134644,3.443110,0.987628,-0.003333,0.156778,0.002161,0.999968,0.007645,-0.156798,-0.007211,0.987604),fov=30.000000,dt=0.014429},
	{cf=CFrame.new(2.280365,1.134644,3.443110,0.987628,-0.003333,0.156778,0.002161,0.999968,0.007645,-0.156798,-0.007211,0.987604),fov=30.000000,dt=0.018315},
	{cf=CFrame.new(2.280365,1.134644,3.443110,0.987628,-0.003333,0.156778,0.002161,0.999968,0.007645,-0.156798,-0.007211,0.987604),fov=30.000000,dt=0.018685},
	{cf=CFrame.new(2.280365,1.134644,3.443110,0.987628,-0.003333,0.156778,0.002161,0.999968,0.007645,-0.156798,-0.007211,0.987604),fov=30.000000,dt=0.019817},
	{cf=CFrame.new(2.280365,1.134644,3.443110,0.987628,-0.003333,0.156778,0.002161,0.999968,0.007645,-0.156798,-0.007211,0.987604),fov=30.000000,dt=0.025227},
	{cf=CFrame.new(2.280365,1.134644,3.443110,0.987628,-0.003333,0.156778,0.002161,0.999968,0.007645,-0.156798,-0.007211,0.987604),fov=30.000000,dt=0.018636},
	{cf=CFrame.new(2.280365,1.134644,3.443110,0.987628,-0.003333,0.156778,0.002161,0.999968,0.007645,-0.156798,-0.007211,0.987604),fov=30.000000,dt=0.019880},
	{cf=CFrame.new(2.280365,1.134644,3.443110,0.987628,-0.003333,0.156778,0.002161,0.999968,0.007645,-0.156798,-0.007211,0.987604),fov=30.000000,dt=0.019380},
	{cf=CFrame.new(1.137695,1.940247,3.480404,0.999274,0.037732,-0.005249,-0.037035,0.994476,0.098217,0.008926,-0.097951,0.995151),fov=30.000000,dt=0.020126},
	{cf=CFrame.new(-2.335724,4.389038,3.593767,0.863262,0.240381,-0.443842,-0.056908,0.920064,0.387613,0.501538,-0.309354,0.807935),fov=25.000000,dt=0.044435},
	{cf=CFrame.new(-2.335724,4.389038,3.593767,0.860211,0.241197,-0.449289,-0.055310,0.919999,0.387997,0.506930,-0.308909,0.804734),fov=25.000000,dt=0.025706},
	{cf=CFrame.new(-2.335724,4.389038,3.593765,0.859265,0.241448,-0.450962,-0.054818,0.919980,0.388113,0.508585,-0.308771,0.803742),fov=25.000000,dt=0.016101},
	{cf=CFrame.new(-2.335724,4.389038,3.593763,0.858315,0.241698,-0.452634,-0.054325,0.919961,0.388228,0.510239,-0.308632,0.802747),fov=25.000000,dt=0.018477},
	{cf=CFrame.new(-2.335739,4.389038,3.593761,0.857601,0.241886,-0.453886,-0.053956,0.919947,0.388313,0.511478,-0.308528,0.801998),fov=25.000000,dt=0.013211},
	{cf=CFrame.new(-2.335739,4.389038,3.593758,0.856406,0.242199,-0.455971,-0.053339,0.919923,0.388455,0.513541,-0.308354,0.800746),fov=25.000000,dt=0.021902},
	{cf=CFrame.new(-2.335739,4.389038,3.593754,0.855446,0.242449,-0.457636,-0.052846,0.919904,0.388567,0.515189,-0.308214,0.799740),fov=25.000000,dt=0.014996},
	{cf=CFrame.new(-2.335739,4.389038,3.593752,0.854724,0.242636,-0.458885,-0.052476,0.919889,0.388651,0.516424,-0.308109,0.798984),fov=25.000000,dt=0.013412},
	{cf=CFrame.new(-2.335754,4.389038,3.593740,0.853756,0.242887,-0.460550,-0.051982,0.919871,0.388762,0.518072,-0.307968,0.797971),fov=25.000000,dt=0.013957},
	{cf=CFrame.new(-2.335785,4.389038,3.593716,0.853024,0.243075,-0.461806,-0.051609,0.919857,0.388844,0.519314,-0.307860,0.797205),fov=25.000000,dt=0.012919},
	{cf=CFrame.new(-2.335831,4.389038,3.593689,0.852290,0.243264,-0.463060,-0.051237,0.919843,0.388925,0.520554,-0.307751,0.796437),fov=25.000000,dt=0.013875},
	{cf=CFrame.new(-2.335861,4.389038,3.593655,0.851308,0.243515,-0.464731,-0.050740,0.919825,0.389033,0.522207,-0.307607,0.795411),fov=25.000000,dt=0.016464},
	{cf=CFrame.new(-2.335938,4.389038,3.593601,0.849829,0.243892,-0.467233,-0.049994,0.919798,0.389194,0.524682,-0.307390,0.793865),fov=25.000000,dt=0.023523},
	{cf=CFrame.new(-2.335968,4.389038,3.593576,0.849087,0.244080,-0.468483,-0.049621,0.919785,0.389274,0.525917,-0.307281,0.793089),fov=25.000000,dt=0.012827},
	{cf=CFrame.new(-2.335999,4.389038,3.593550,0.848343,0.244268,-0.469731,-0.049248,0.919771,0.389353,0.527152,-0.307171,0.792311),fov=25.000000,dt=0.013543},
	{cf=CFrame.new(-2.336227,4.389038,3.593363,0.847063,0.244592,-0.471868,-0.048614,0.919750,0.389483,0.529265,-0.306977,0.790976),fov=25.000000,dt=0.022098},
	{cf=CFrame.new(-2.336456,4.389038,3.593185,0.846028,0.244853,-0.473586,-0.048103,0.919733,0.389586,0.530964,-0.306819,0.789898),fov=25.000000,dt=0.012714},
	{cf=CFrame.new(-2.336731,4.389038,3.592962,0.844729,0.245179,-0.475732,-0.047465,0.919712,0.389714,0.533086,-0.306622,0.788545),fov=25.000000,dt=0.021392},
	{cf=CFrame.new(-2.336884,4.389038,3.592827,0.843947,0.245375,-0.477017,-0.047082,0.919700,0.389790,0.534357,-0.306503,0.787730),fov=25.000000,dt=0.014891},
	{cf=CFrame.new(-2.337219,4.389038,3.592560,0.842376,0.245766,-0.479584,-0.046316,0.919675,0.389940,0.536896,-0.306264,0.786095),fov=25.000000,dt=0.025970},
	{cf=CFrame.new(-2.337845,4.389038,3.592052,0.840989,0.246113,-0.481835,-0.045653,0.919656,0.390063,0.539122,-0.306042,0.784656),fov=25.000000,dt=0.020628},
	{cf=CFrame.new(-2.338547,4.389038,3.591492,0.839836,0.246403,-0.483696,-0.045108,0.919641,0.390160,0.540963,-0.305852,0.783462),fov=25.000000,dt=0.015933},
	{cf=CFrame.new(-2.339401,4.389038,3.590792,0.838388,0.246765,-0.486017,-0.044428,0.919624,0.390280,0.543260,-0.305614,0.781965),fov=25.000000,dt=0.019516},
	{cf=CFrame.new(-2.339920,4.389038,3.590372,0.837516,0.246982,-0.487408,-0.044019,0.919613,0.390352,0.544636,-0.305470,0.781063),fov=25.000000,dt=0.014139},
	{cf=CFrame.new(-2.340622,4.389069,3.589811,0.836350,0.247271,-0.489260,-0.043475,0.919599,0.390446,0.546469,-0.305279,0.779857),fov=25.000000,dt=0.016307},
	{cf=CFrame.new(-2.341309,4.389069,3.589252,0.835180,0.247559,-0.491110,-0.042930,0.919585,0.390539,0.548298,-0.305087,0.778646),fov=25.000000,dt=0.016504},
	{cf=CFrame.new(-2.343002,4.389069,3.587887,0.833538,0.247971,-0.493685,-0.042191,0.919571,0.390653,0.550849,-0.304795,0.776959),fov=25.000000,dt=0.021242},
	{cf=CFrame.new(-2.344513,4.389069,3.586658,0.832183,0.248310,-0.495795,-0.041588,0.919561,0.390741,0.552939,-0.304549,0.775570),fov=25.000000,dt=0.014184},
	{cf=CFrame.new(-2.345657,4.389069,3.585739,0.831164,0.248565,-0.497376,-0.041136,0.919553,0.390807,0.554504,-0.304365,0.774524),fov=25.000000,dt=0.015010},
	{cf=CFrame.new(-2.347168,4.389069,3.584511,0.829799,0.248904,-0.499480,-0.040533,0.919543,0.390894,0.556588,-0.304118,0.773125),fov=25.000000,dt=0.016839},
	{cf=CFrame.new(-2.349075,4.389069,3.582977,0.828086,0.249327,-0.502105,-0.039779,0.919530,0.391001,0.559188,-0.303809,0.771368),fov=25.000000,dt=0.020066},
	{cf=CFrame.new(-2.350204,4.389069,3.582056,0.827054,0.249580,-0.503677,-0.039326,0.919523,0.391064,0.560745,-0.303623,0.770310),fov=25.000000,dt=0.013166},
	{cf=CFrame.new(-2.352463,4.389099,3.580229,0.825514,0.249963,-0.506009,-0.038671,0.919517,0.391144,0.563055,-0.303327,0.768740),fov=25.000000,dt=0.016308},
	{cf=CFrame.new(-2.354980,4.389099,3.578199,0.823913,0.250361,-0.508416,-0.037997,0.919512,0.391222,0.565441,-0.303014,0.767110),fov=25.000000,dt=0.016837},
	{cf=CFrame.new(-2.357483,4.389099,3.576170,0.822304,0.250759,-0.510819,-0.037324,0.919507,0.391298,0.567823,-0.302700,0.765474),fov=25.000000,dt=0.016586},
	{cf=CFrame.new(-2.360001,4.389099,3.574141,0.820689,0.251155,-0.513216,-0.036651,0.919502,0.391373,0.570199,-0.302386,0.763830),fov=25.000000,dt=0.016484},
	{cf=CFrame.new(-2.363129,4.389130,3.571602,0.818659,0.251651,-0.516206,-0.035809,0.919496,0.391465,0.573162,-0.301991,0.761765),fov=25.000000,dt=0.019926},
	{cf=CFrame.new(-2.365021,4.389130,3.570080,0.817436,0.251947,-0.517997,-0.035304,0.919493,0.391518,0.574936,-0.301754,0.760521),fov=25.000000,dt=0.013412},
	{cf=CFrame.new(-2.368149,4.389130,3.567553,0.815663,0.252379,-0.520576,-0.034587,0.919492,0.391584,0.577493,-0.301396,0.758724),fov=25.000000,dt=0.016792},
	{cf=CFrame.new(-2.371475,4.389130,3.564856,0.813834,0.252822,-0.523216,-0.033855,0.919492,0.391647,0.580110,-0.301023,0.756874),fov=25.000000,dt=0.016556},
	{cf=CFrame.new(-2.374817,4.389160,3.562157,0.811997,0.253265,-0.525849,-0.033123,0.919493,0.391709,0.582721,-0.300649,0.755014),fov=25.000000,dt=0.016899},
	{cf=CFrame.new(-2.378159,4.389160,3.559460,0.810151,0.253707,-0.528477,-0.032391,0.919494,0.391768,0.585325,-0.300274,0.753147),fov=25.000000,dt=0.017311},
	{cf=CFrame.new(-2.382324,4.389160,3.556089,0.807832,0.254258,-0.531753,-0.031476,0.919495,0.391840,0.588572,-0.299803,0.750800),fov=25.000000,dt=0.017566},
	{cf=CFrame.new(-2.386612,4.389191,3.552624,0.805472,0.254815,-0.535056,-0.030552,0.919497,0.391908,0.591846,-0.299324,0.748414),fov=25.000000,dt=0.021565},
	{cf=CFrame.new(-2.392319,4.389191,3.548004,0.802492,0.255512,-0.539184,-0.029403,0.919505,0.391978,0.595938,-0.298705,0.745408),fov=25.000000,dt=0.024826},
	{cf=CFrame.new(-2.396133,4.389221,3.544926,0.800494,0.255976,-0.541928,-0.028638,0.919510,0.392022,0.598657,-0.298292,0.743392),fov=25.000000,dt=0.017322},
	{cf=CFrame.new(-2.400879,4.389221,3.541077,0.797982,0.256554,-0.545348,-0.027680,0.919517,0.392075,0.602045,-0.297774,0.740859),fov=25.000000,dt=0.020837},
	{cf=CFrame.new(-2.404694,4.389221,3.537998,0.795962,0.257016,-0.548076,-0.026914,0.919522,0.392115,0.604748,-0.297358,0.738822),fov=25.000000,dt=0.019451},
	{cf=CFrame.new(-2.409500,4.389252,3.534113,0.793413,0.257594,-0.551490,-0.025954,0.919530,0.392161,0.608130,-0.296833,0.736253),fov=25.000000,dt=0.017544},
	{cf=CFrame.new(-2.414474,4.389252,3.530085,0.790807,0.258178,-0.554949,-0.024980,0.919541,0.392199,0.611555,-0.296291,0.733629),fov=25.000000,dt=0.023215},
	{cf=CFrame.new(-2.419464,4.389282,3.526058,0.788186,0.258760,-0.558396,-0.024007,0.919552,0.392234,0.614968,-0.295748,0.730990),fov=25.000000,dt=0.017891},
	{cf=CFrame.new(-2.423447,4.389282,3.522835,0.786078,0.259225,-0.561145,-0.023228,0.919561,0.392259,0.617690,-0.295312,0.728868),fov=25.000000,dt=0.019134},
	{cf=CFrame.new(-2.428421,4.389282,3.518806,0.783430,0.259804,-0.564570,-0.022254,0.919573,0.392288,0.621082,-0.294766,0.726202),fov=25.000000,dt=0.019617},
	{cf=CFrame.new(-2.433411,4.389313,3.514772,0.780763,0.260382,-0.567988,-0.021280,0.919585,0.392314,0.624465,-0.294217,0.723519),fov=25.000000,dt=0.020123},
	{cf=CFrame.new(-2.437439,4.389313,3.511520,0.778612,0.260843,-0.570722,-0.020498,0.919597,0.392329,0.627170,-0.293773,0.721356),fov=25.000000,dt=0.018067},
	{cf=CFrame.new(-2.442459,4.389343,3.507458,0.775910,0.261418,-0.574129,-0.019521,0.919611,0.392345,0.630541,-0.293217,0.718639),fov=25.000000,dt=0.018581},
	{cf=CFrame.new(-2.446472,4.389343,3.504215,0.773751,0.261871,-0.576830,-0.018741,0.919623,0.392354,0.633213,-0.292774,0.716467),fov=25.000000,dt=0.017321},
	{cf=CFrame.new(-2.451477,4.389343,3.500170,0.771056,0.262427,-0.580177,-0.017768,0.919640,0.392361,0.636520,-0.292223,0.713756),fov=25.000000,dt=0.021502},
	{cf=CFrame.new(-2.455490,4.389374,3.496933,0.768889,0.262871,-0.582845,-0.016990,0.919653,0.392364,0.639156,-0.291782,0.711577),fov=25.000000,dt=0.016406},
	{cf=CFrame.new(-2.462494,4.389404,3.491272,0.765075,0.263646,-0.587496,-0.015628,0.919677,0.392365,0.643752,-0.291007,0.707741),fov=25.000000,dt=0.028583},
	{cf=CFrame.new(-2.465500,4.389404,3.488848,0.763436,0.263975,-0.589477,-0.015045,0.919687,0.392363,0.645708,-0.290676,0.706094),fov=25.000000,dt=0.015470},
	{cf=CFrame.new(-2.469482,4.389404,3.485626,0.761256,0.264407,-0.592096,-0.014269,0.919702,0.392357,0.648294,-0.290236,0.703902),fov=25.000000,dt=0.015628},
	{cf=CFrame.new(-2.473465,4.389435,3.482405,0.759068,0.264837,-0.594708,-0.013494,0.919717,0.392349,0.650872,-0.289795,0.701702),fov=25.000000,dt=0.014957},
	{cf=CFrame.new(-2.476456,4.389435,3.479988,0.757420,0.265159,-0.596661,-0.012912,0.919729,0.392342,0.652800,-0.289464,0.700045),fov=25.000000,dt=0.014313},
	{cf=CFrame.new(-2.479431,4.389435,3.477600,0.755806,0.265467,-0.598569,-0.012335,0.919741,0.392332,0.654679,-0.289144,0.698421),fov=25.000000,dt=0.013640},
	{cf=CFrame.new(-2.483368,4.389465,3.474415,0.753646,0.265876,-0.601105,-0.011566,0.919757,0.392318,0.657178,-0.288716,0.696247),fov=25.000000,dt=0.015626},
	{cf=CFrame.new(-2.488312,4.389465,3.470432,0.750934,0.266386,-0.604265,-0.010606,0.919777,0.392297,0.660292,-0.288181,0.693517),fov=25.000000,dt=0.020313},
	{cf=CFrame.new(-2.491211,4.389496,3.468096,0.749378,0.266664,-0.606072,-0.010039,0.919790,0.392283,0.662067,-0.287884,0.691947),fov=25.000000,dt=0.013863},
	{cf=CFrame.new(-2.495087,4.389496,3.464983,0.747296,0.267034,-0.608475,-0.009284,0.919806,0.392263,0.664427,-0.287487,0.689847),fov=25.000000,dt=0.015935},
	{cf=CFrame.new(-2.498962,4.389526,3.461868,0.745206,0.267403,-0.610871,-0.008528,0.919823,0.392241,0.666780,-0.287090,0.687738),fov=25.000000,dt=0.016412},
	{cf=CFrame.new(-2.502716,4.389526,3.458862,0.743264,0.267719,-0.613094,-0.007793,0.919839,0.392218,0.668953,-0.286744,0.685770),fov=25.000000,dt=0.016613},
	{cf=CFrame.new(-2.506439,4.389557,3.455893,0.741369,0.268017,-0.615256,-0.007064,0.919855,0.392194,0.671061,-0.286414,0.683845),fov=25.000000,dt=0.017026},
	{cf=CFrame.new(-2.510162,4.389587,3.452923,0.739467,0.268314,-0.617411,-0.006335,0.919871,0.392169,0.673163,-0.286084,0.681914),fov=25.000000,dt=0.016822},
	{cf=CFrame.new(-2.512100,4.389191,3.451620,0.738700,0.268930,-0.618061,-0.006773,0.919872,0.392159,0.674001,-0.285502,0.681331),fov=25.000000,dt=0.016744},
	{cf=CFrame.new(-2.514114,4.388367,3.450516,0.738128,0.270017,-0.618270,-0.008023,0.919865,0.392154,0.674613,-0.284500,0.681144),fov=25.000000,dt=0.025123},
	{cf=CFrame.new(-2.515457,4.387817,3.449778,0.737747,0.270741,-0.618409,-0.008856,0.919858,0.392151,0.675020,-0.283831,0.681020),fov=25.000000,dt=0.013705},
	{cf=CFrame.new(-2.516464,4.387390,3.449226,0.737460,0.271283,-0.618513,-0.009481,0.919853,0.392148,0.675325,-0.283329,0.680927),fov=25.000000,dt=0.013627},
	{cf=CFrame.new(-2.517471,4.386993,3.448673,0.737172,0.271826,-0.618618,-0.010106,0.919847,0.392146,0.675629,-0.282827,0.680833),fov=25.000000,dt=0.014389},
	{cf=CFrame.new(-2.518814,4.386444,3.447937,0.736788,0.272549,-0.618757,-0.010939,0.919839,0.392143,0.676035,-0.282158,0.680708),fov=25.000000,dt=0.016005},
	{cf=CFrame.new(-2.520157,4.385895,3.447199,0.736404,0.273272,-0.618896,-0.011772,0.919830,0.392140,0.676440,-0.281488,0.680583),fov=25.000000,dt=0.016655},
	{cf=CFrame.new(-2.521500,4.385345,3.446463,0.736018,0.273994,-0.619035,-0.012605,0.919820,0.392138,0.676844,-0.280818,0.680458),fov=25.000000,dt=0.016685},
	{cf=CFrame.new(-2.522842,4.384796,3.445724,0.735632,0.274716,-0.619174,-0.013438,0.919809,0.392136,0.677248,-0.280147,0.680333),fov=25.000000,dt=0.017342},
	{cf=CFrame.new(-2.524185,4.384247,3.444988,0.735245,0.275437,-0.619314,-0.014271,0.919797,0.392134,0.677651,-0.279476,0.680207),fov=25.000000,dt=0.016035},
	{cf=CFrame.new(-2.525528,4.383698,3.444252,0.734857,0.276159,-0.619453,-0.015104,0.919785,0.392132,0.678054,-0.278805,0.680081),fov=25.000000,dt=0.016790},
	{cf=CFrame.new(-2.527542,4.382904,3.443146,0.734273,0.277240,-0.619662,-0.016353,0.919764,0.392130,0.678657,-0.277797,0.679892),fov=25.000000,dt=0.022722},
	{cf=CFrame.new(-2.528549,4.382477,3.442595,0.733981,0.277780,-0.619766,-0.016977,0.919754,0.392129,0.678958,-0.277293,0.679798),fov=25.000000,dt=0.014238},
	{cf=CFrame.new(-2.529556,4.382080,3.442041,0.733688,0.278320,-0.619870,-0.017602,0.919742,0.392128,0.679258,-0.276789,0.679703),fov=25.000000,dt=0.013404},
	{cf=CFrame.new(-2.530899,4.381531,3.441305,0.733297,0.279040,-0.620009,-0.018434,0.919726,0.392127,0.679658,-0.276117,0.679577),fov=25.000000,dt=0.016206},
	{cf=CFrame.new(-2.532578,4.380829,3.440384,0.732807,0.279940,-0.620183,-0.019475,0.919705,0.392127,0.680158,-0.275275,0.679418),fov=25.000000,dt=0.019488},
	{cf=CFrame.new(-2.533585,4.380432,3.439831,0.732513,0.280479,-0.620288,-0.020099,0.919692,0.392126,0.680457,-0.274770,0.679323),fov=25.000000,dt=0.013995},
	{cf=CFrame.new(-2.534927,4.379883,3.439095,0.732119,0.281197,-0.620427,-0.020931,0.919673,0.392126,0.680855,-0.274097,0.679196),fov=25.000000,dt=0.016576},
	{cf=CFrame.new(-2.536270,4.379333,3.438358,0.731725,0.281916,-0.620566,-0.021763,0.919654,0.392126,0.681253,-0.273423,0.679069),fov=25.000000,dt=0.016818},
	{cf=CFrame.new(-2.537613,4.378784,3.437620,0.731330,0.282634,-0.620705,-0.022595,0.919634,0.392126,0.681650,-0.272749,0.678942),fov=25.000000,dt=0.016189},
	{cf=CFrame.new(-2.538956,4.378235,3.436884,0.730934,0.283351,-0.620844,-0.023427,0.919613,0.392127,0.682046,-0.272074,0.678814),fov=25.000000,dt=0.016573},
	{cf=CFrame.new(-2.540298,4.377686,3.436148,0.730537,0.284069,-0.620984,-0.024259,0.919591,0.392127,0.682442,-0.271399,0.678687),fov=25.000000,dt=0.017095},
	{cf=CFrame.new(-2.541977,4.377014,3.435226,0.730040,0.284965,-0.621157,-0.025299,0.919562,0.392129,0.682936,-0.270555,0.678527),fov=25.000000,dt=0.019913},
	{cf=CFrame.new(-2.543991,4.376190,3.434120,0.729442,0.286039,-0.621366,-0.026547,0.919526,0.392130,0.683527,-0.269541,0.678334),fov=25.000000,dt=0.025433},
	{cf=CFrame.new(-2.545578,4.375549,3.433233,0.728972,0.286887,-0.621526,-0.027534,0.919497,0.392132,0.683989,-0.268740,0.678187),fov=25.000000,dt=0.022308},
	{cf=CFrame.new(-2.547119,4.374969,3.432365,0.728522,0.287702,-0.621678,-0.028486,0.919468,0.392132,0.684430,-0.267968,0.678048),fov=25.000000,dt=0.018218},
	{cf=CFrame.new(-2.548355,4.374481,3.431673,0.728161,0.288354,-0.621798,-0.029248,0.919443,0.392133,0.684781,-0.267350,0.677937),fov=25.000000,dt=0.018803},
	{cf=CFrame.new(-2.550201,4.373779,3.430634,0.727619,0.289331,-0.621979,-0.030391,0.919406,0.392135,0.685308,-0.266422,0.677770),fov=25.000000,dt=0.023361},
	{cf=CFrame.new(-2.551422,4.373291,3.429941,0.727256,0.289982,-0.622100,-0.031152,0.919380,0.392136,0.685659,-0.265804,0.677658),fov=25.000000,dt=0.018908},
	{cf=CFrame.new(-2.552719,4.372864,3.429173,0.726892,0.290655,-0.622213,-0.031946,0.919352,0.392137,0.686009,-0.265164,0.677554),fov=25.000000,dt=0.017694},
	{cf=CFrame.new(-2.554062,4.372467,3.428331,0.726525,0.291348,-0.622316,-0.032771,0.919322,0.392138,0.686358,-0.264504,0.677459),fov=25.000000,dt=0.025446},
	{cf=CFrame.new(-2.554947,4.372223,3.427769,0.726281,0.291810,-0.622385,-0.033321,0.919302,0.392139,0.686590,-0.264065,0.677395),fov=25.000000,dt=0.017542},
	{cf=CFrame.new(-2.555847,4.371948,3.427208,0.726036,0.292272,-0.622454,-0.033871,0.919282,0.392140,0.686822,-0.263625,0.677331),fov=25.000000,dt=0.018154},
	{cf=CFrame.new(-2.556961,4.371613,3.426506,0.725730,0.292849,-0.622540,-0.034558,0.919256,0.392141,0.687111,-0.263074,0.677252),fov=25.000000,dt=0.018962},
	{cf=CFrame.new(-2.557693,4.371460,3.426010,0.725544,0.293218,-0.622583,-0.035003,0.919239,0.392142,0.687285,-0.262724,0.677211),fov=25.000000,dt=0.019000},
	{cf=CFrame.new(-2.558380,4.371399,3.425472,0.725387,0.293560,-0.622604,-0.035426,0.919222,0.392142,0.687429,-0.262398,0.677192),fov=25.000000,dt=0.018203},
	{cf=CFrame.new(-2.559082,4.371368,3.424936,0.725230,0.293902,-0.622626,-0.035849,0.919206,0.392142,0.687573,-0.262073,0.677172),fov=25.000000,dt=0.020243},
	{cf=CFrame.new(-2.559631,4.371307,3.424507,0.725105,0.294175,-0.622643,-0.036187,0.919193,0.392142,0.687687,-0.261812,0.677156),fov=25.000000,dt=0.017094},
	{cf=CFrame.new(-2.560196,4.371277,3.424078,0.724979,0.294449,-0.622660,-0.036525,0.919179,0.392142,0.687802,-0.261552,0.677140),fov=25.000000,dt=0.015472},
	{cf=CFrame.new(-2.560608,4.371216,3.423756,0.724884,0.294654,-0.622673,-0.036779,0.919169,0.392142,0.687888,-0.261357,0.677128),fov=25.000000,dt=0.015655},
	{cf=CFrame.new(-2.561203,4.371246,3.423264,0.724767,0.294933,-0.622677,-0.037131,0.919155,0.392142,0.687993,-0.261091,0.677125),fov=25.000000,dt=0.021631},
	{cf=CFrame.new(-2.561783,4.371185,3.422798,0.724686,0.295132,-0.622677,-0.037384,0.919145,0.392142,0.688064,-0.260902,0.677125),fov=25.000000,dt=0.013423},
	{cf=CFrame.new(-2.562225,4.371124,3.422449,0.724625,0.295282,-0.622677,-0.037573,0.919137,0.392142,0.688118,-0.260760,0.677125),fov=25.000000,dt=0.014360},
	{cf=CFrame.new(-2.562805,4.371063,3.421984,0.724544,0.295481,-0.622677,-0.037826,0.919127,0.392141,0.688189,-0.260570,0.677125),fov=25.000000,dt=0.016918},
	{cf=CFrame.new(-2.563385,4.371002,3.421518,0.724463,0.295680,-0.622677,-0.038079,0.919116,0.392141,0.688261,-0.260381,0.677125),fov=25.000000,dt=0.016740},
	{cf=CFrame.new(-2.563965,4.370941,3.421055,0.724382,0.295879,-0.622677,-0.038331,0.919106,0.392141,0.688332,-0.260192,0.677125),fov=25.000000,dt=0.016913},
	{cf=CFrame.new(-2.564560,4.370880,3.420589,0.724301,0.296078,-0.622677,-0.038584,0.919096,0.392141,0.688404,-0.260003,0.677125),fov=25.000000,dt=0.016344},
	{cf=CFrame.new(-2.565445,4.370636,3.419945,0.724230,0.296250,-0.622677,-0.038803,0.919086,0.392141,0.688466,-0.259838,0.677126),fov=25.000000,dt=0.016379},
	{cf=CFrame.new(-2.566956,4.370178,3.418892,0.724130,0.296495,-0.622677,-0.039115,0.919073,0.392141,0.688553,-0.259605,0.677126),fov=25.000000,dt=0.023972},
	{cf=CFrame.new(-2.567703,4.369934,3.418364,0.724080,0.296618,-0.622677,-0.039271,0.919067,0.392140,0.688598,-0.259488,0.677126),fov=25.000000,dt=0.013534},
	{cf=CFrame.new(-2.568451,4.369690,3.417835,0.724029,0.296741,-0.622677,-0.039427,0.919060,0.392140,0.688641,-0.259371,0.677126),fov=25.000000,dt=0.013168},
	{cf=CFrame.new(-2.569458,4.369385,3.417133,0.723963,0.296904,-0.622677,-0.039634,0.919051,0.392140,0.688700,-0.259215,0.677126),fov=25.000000,dt=0.015954},
	{cf=CFrame.new(-2.570450,4.369080,3.416430,0.723895,0.297068,-0.622677,-0.039842,0.919042,0.392140,0.688758,-0.259060,0.677126),fov=25.000000,dt=0.016889},
	{cf=CFrame.new(-2.572113,4.368439,3.415314,0.723826,0.297237,-0.622677,-0.040057,0.919033,0.392140,0.688819,-0.258898,0.677126),fov=25.000000,dt=0.020223},
	{cf=CFrame.new(-2.573181,4.368011,3.414606,0.723786,0.297333,-0.622677,-0.040179,0.919028,0.392140,0.688853,-0.258807,0.677126),fov=25.000000,dt=0.014212},
	{cf=CFrame.new(-2.574600,4.367432,3.413666,0.723734,0.297461,-0.622677,-0.040342,0.919021,0.392139,0.688899,-0.258684,0.677127),fov=25.000000,dt=0.015817},
	{cf=CFrame.new(-2.576019,4.366882,3.412724,0.723681,0.297590,-0.622676,-0.040505,0.919014,0.392139,0.688945,-0.258562,0.677127),fov=25.000000,dt=0.016595},
	{cf=CFrame.new(-2.577438,4.366302,3.411781,0.723628,0.297718,-0.622677,-0.040668,0.919007,0.392139,0.688991,-0.258440,0.677127),fov=25.000000,dt=0.017629},
	{cf=CFrame.new(-2.579208,4.365601,3.410604,0.723562,0.297878,-0.622677,-0.040872,0.918998,0.392139,0.689048,-0.258287,0.677127),fov=25.000000,dt=0.021170},
	{cf=CFrame.new(-2.580765,4.364929,3.409584,0.723515,0.297994,-0.622676,-0.041020,0.918991,0.392139,0.689089,-0.258176,0.677127),fov=25.000000,dt=0.016236},
	{cf=CFrame.new(-2.582306,4.364288,3.408566,0.723467,0.298111,-0.622676,-0.041168,0.918984,0.392139,0.689131,-0.258065,0.677127),fov=25.000000,dt=0.012861},
	{cf=CFrame.new(-2.583679,4.363892,3.407560,0.723433,0.298193,-0.622676,-0.041273,0.918980,0.392139,0.689160,-0.257986,0.677127),fov=25.000000,dt=0.015137},
	{cf=CFrame.new(-2.585526,4.363342,3.406219,0.723387,0.298303,-0.622676,-0.041413,0.918974,0.392138,0.689199,-0.257881,0.677127),fov=25.000000,dt=0.016937},
	{cf=CFrame.new(-2.587357,4.362793,3.404879,0.723342,0.298413,-0.622676,-0.041553,0.918967,0.392138,0.689239,-0.257776,0.677128),fov=25.000000,dt=0.016704},
	{cf=CFrame.new(-2.589188,4.362274,3.403538,0.723296,0.298524,-0.622676,-0.041693,0.918961,0.392138,0.689278,-0.257671,0.677128),fov=25.000000,dt=0.016272},
	{cf=CFrame.new(-2.591019,4.361725,3.402195,0.723251,0.298634,-0.622676,-0.041833,0.918955,0.392138,0.689317,-0.257566,0.677128),fov=25.000000,dt=0.016598},
	{cf=CFrame.new(-2.592850,4.361206,3.400854,0.723206,0.298744,-0.622676,-0.041973,0.918948,0.392138,0.689356,-0.257461,0.677128),fov=25.000000,dt=0.016818},
	{cf=CFrame.new(-2.595306,4.360901,3.398800,0.723166,0.298840,-0.622676,-0.042095,0.918943,0.392138,0.689390,-0.257369,0.677128),fov=25.000000,dt=0.017062},
	{cf=CFrame.new(-2.598633,4.360657,3.395926,0.723119,0.298954,-0.622676,-0.042240,0.918936,0.392137,0.689431,-0.257260,0.677128),fov=25.000000,dt=0.021196},
	{cf=CFrame.new(-2.600632,4.360535,3.394201,0.723091,0.299022,-0.622676,-0.042328,0.918932,0.392137,0.689455,-0.257194,0.677128),fov=25.000000,dt=0.013239},
	{cf=CFrame.new(-2.603287,4.360321,3.391903,0.723053,0.299114,-0.622676,-0.042444,0.918927,0.392137,0.689488,-0.257107,0.677128),fov=25.000000,dt=0.015386},
	{cf=CFrame.new(-2.605957,4.360138,3.389603,0.723015,0.299205,-0.622676,-0.042560,0.918922,0.392137,0.689520,-0.257020,0.677128),fov=25.000000,dt=0.016615},
	{cf=CFrame.new(-2.608612,4.359955,3.387302,0.722977,0.299296,-0.622676,-0.042676,0.918916,0.392137,0.689552,-0.256933,0.677128),fov=25.000000,dt=0.016463},
	{cf=CFrame.new(-2.612000,4.359650,3.382858,0.722948,0.299367,-0.622676,-0.042767,0.918912,0.392137,0.689578,-0.256865,0.677128),fov=25.000000,dt=0.016796},
	{cf=CFrame.new(-2.615616,4.359283,3.377678,0.722921,0.299432,-0.622676,-0.042849,0.918908,0.392137,0.689600,-0.256803,0.677129),fov=25.000000,dt=0.016746},
	{cf=CFrame.new(-2.619232,4.358948,3.372498,0.722895,0.299496,-0.622676,-0.042930,0.918905,0.392137,0.689623,-0.256742,0.677129),fov=25.000000,dt=0.016681},
	{cf=CFrame.new(-2.622849,4.358582,3.367317,0.722868,0.299560,-0.622676,-0.043012,0.918901,0.392136,0.689646,-0.256680,0.677129),fov=25.000000,dt=0.016638},
	{cf=CFrame.new(-2.628281,4.358063,3.359547,0.722828,0.299657,-0.622676,-0.043135,0.918895,0.392136,0.689680,-0.256588,0.677129),fov=25.000000,dt=0.025086},
	{cf=CFrame.new(-2.633118,4.356934,3.350060,0.722801,0.299721,-0.622676,-0.043218,0.918891,0.392136,0.689703,-0.256526,0.677129),fov=25.000000,dt=0.017806},
	{cf=CFrame.new(-2.637390,4.355225,3.338795,0.722788,0.299755,-0.622676,-0.043260,0.918890,0.392136,0.689715,-0.256494,0.677129),fov=25.000000,dt=0.017124},
	{cf=CFrame.new(-2.640579,4.353912,3.330347,0.722777,0.299779,-0.622676,-0.043291,0.918888,0.392136,0.689724,-0.256470,0.677129),fov=25.000000,dt=0.014233},
	{cf=CFrame.new(-2.646988,4.351318,3.313452,0.722757,0.299829,-0.622676,-0.043355,0.918885,0.392136,0.689741,-0.256423,0.677129),fov=25.000000,dt=0.025016},
	{cf=CFrame.new(-2.651245,4.349579,3.302189,0.722743,0.299862,-0.622676,-0.043397,0.918883,0.392136,0.689753,-0.256391,0.677129),fov=25.000000,dt=0.017653},
	{cf=CFrame.new(-2.655518,4.347839,3.290924,0.722729,0.299895,-0.622676,-0.043439,0.918881,0.392136,0.689765,-0.256359,0.677129),fov=25.000000,dt=0.017383},
	{cf=CFrame.new(-2.661102,4.344696,3.273020,0.722719,0.299920,-0.622676,-0.043471,0.918880,0.392136,0.689774,-0.256335,0.677129),fov=25.000000,dt=0.017763},
	{cf=CFrame.new(-2.665604,4.341949,3.257914,0.722712,0.299937,-0.622676,-0.043492,0.918879,0.392136,0.689780,-0.256320,0.677130),fov=25.000000,dt=0.019691},
	{cf=CFrame.new(-2.671280,4.338409,3.238815,0.722691,0.299987,-0.622676,-0.043556,0.918876,0.392136,0.689797,-0.256272,0.677129),fov=25.000000,dt=0.019367},
	{cf=CFrame.new(-2.677094,4.334351,3.218845,0.722620,0.300158,-0.622676,-0.043773,0.918866,0.392135,0.689858,-0.256108,0.677130),fov=25.000000,dt=0.020161},
	{cf=CFrame.new(-2.681747,4.331116,3.202869,0.722564,0.300294,-0.622676,-0.043947,0.918857,0.392135,0.689906,-0.255978,0.677130),fov=25.000000,dt=0.017689},
	{cf=CFrame.new(-2.687561,4.327057,3.182899,0.722493,0.300465,-0.622676,-0.044164,0.918847,0.392135,0.689966,-0.255814,0.677130),fov=25.000000,dt=0.022436},
	{cf=CFrame.new(-2.696518,4.322021,3.159595,0.722214,0.301135,-0.622675,-0.045018,0.918806,0.392134,0.690203,-0.255173,0.677131),fov=25.000000,dt=0.030855},
	{cf=CFrame.new(-2.700989,4.319580,3.148575,0.722063,0.301499,-0.622675,-0.045482,0.918784,0.392133,0.690331,-0.254824,0.677132),fov=25.000000,dt=0.019139},
	{cf=CFrame.new(-2.706558,4.316559,3.134800,0.721873,0.301953,-0.622675,-0.046061,0.918755,0.392132,0.690491,-0.254389,0.677133),fov=25.000000,dt=0.018964},
	{cf=CFrame.new(-2.712143,4.313538,3.121025,0.721683,0.302408,-0.622674,-0.046641,0.918726,0.392132,0.690651,-0.253953,0.677133),fov=25.000000,dt=0.020790},
	{cf=CFrame.new(-2.719803,4.309937,3.105686,0.721340,0.303225,-0.622674,-0.047683,0.918673,0.392131,0.690937,-0.253169,0.677134),fov=25.000000,dt=0.028040},
	{cf=CFrame.new(-2.723022,4.308624,3.100393,0.721168,0.303634,-0.622674,-0.048204,0.918646,0.392130,0.691081,-0.252776,0.677135),fov=25.000000,dt=0.014249},
	{cf=CFrame.new(-2.727341,4.306854,3.093338,0.720939,0.304179,-0.622673,-0.048900,0.918610,0.392129,0.691271,-0.252253,0.677136),fov=25.000000,dt=0.016661},
	{cf=CFrame.new(-2.731049,4.305908,3.089495,0.720682,0.304789,-0.622673,-0.049677,0.918568,0.392128,0.691483,-0.251667,0.677137),fov=25.000000,dt=0.016721},
	{cf=CFrame.new(-2.734543,4.305237,3.086746,0.720415,0.305420,-0.622672,-0.050483,0.918525,0.392127,0.691703,-0.251060,0.677138),fov=25.000000,dt=0.016176},
	{cf=CFrame.new(-2.738037,4.304596,3.084000,0.720148,0.306051,-0.622672,-0.051289,0.918481,0.392126,0.691923,-0.250453,0.677139),fov=25.000000,dt=0.017075},
	{cf=CFrame.new(-2.742416,4.303772,3.080566,0.719812,0.306840,-0.622672,-0.052296,0.918424,0.392125,0.692196,-0.249693,0.677139),fov=25.000000,dt=0.020930},
	{cf=CFrame.new(-2.745407,4.303864,3.077847,0.719560,0.307431,-0.622671,-0.053052,0.918381,0.392124,0.692401,-0.249123,0.677140),fov=25.000000,dt=0.022005},
	{cf=CFrame.new(-2.748383,4.303986,3.075130,0.719308,0.308022,-0.622671,-0.053807,0.918338,0.392123,0.692604,-0.248553,0.677141),fov=25.000000,dt=0.021310},
	{cf=CFrame.new(-2.750778,4.304108,3.072958,0.719106,0.308494,-0.622670,-0.054411,0.918302,0.392123,0.692767,-0.248097,0.677142),fov=25.000000,dt=0.013807},
	{cf=CFrame.new(-2.752563,4.304169,3.071327,0.718954,0.308848,-0.622670,-0.054864,0.918276,0.392122,0.692889,-0.247755,0.677143),fov=25.000000,dt=0.012887},
	{cf=CFrame.new(-2.754364,4.304230,3.069698,0.718802,0.309202,-0.622670,-0.055317,0.918249,0.392122,0.693011,-0.247414,0.677143),fov=25.000000,dt=0.014521},
	{cf=CFrame.new(-2.756744,4.304321,3.067524,0.718599,0.309674,-0.622670,-0.055921,0.918212,0.392121,0.693173,-0.246957,0.677143),fov=25.000000,dt=0.015958},
	{cf=CFrame.new(-2.758255,4.305023,3.065807,0.718449,0.310021,-0.622670,-0.056364,0.918185,0.392121,0.693292,-0.246623,0.677144),fov=25.000000,dt=0.013635},
	{cf=CFrame.new(-2.759384,4.305573,3.064522,0.718338,0.310280,-0.622670,-0.056696,0.918165,0.392120,0.693380,-0.246372,0.677144),fov=25.000000,dt=0.015301},
	{cf=CFrame.new(-2.760880,4.306274,3.062809,0.718188,0.310625,-0.622670,-0.057138,0.918138,0.392120,0.693499,-0.246038,0.677145),fov=25.000000,dt=0.016366},
	{cf=CFrame.new(-2.761826,4.307281,3.061428,0.718061,0.310921,-0.622669,-0.057516,0.918115,0.392119,0.693600,-0.245752,0.677145),fov=25.000000,dt=0.016663},
	{cf=CFrame.new(-2.762772,4.308685,3.059845,0.717910,0.311269,-0.622669,-0.057962,0.918087,0.392119,0.693719,-0.245415,0.677145),fov=25.000000,dt=0.020210},
	{cf=CFrame.new(-2.763336,4.309509,3.058895,0.717820,0.311477,-0.622669,-0.058229,0.918070,0.392119,0.693790,-0.245213,0.677146),fov=25.000000,dt=0.013510},
	{cf=CFrame.new(-2.764084,4.310638,3.057629,0.717699,0.311755,-0.622669,-0.058585,0.918047,0.392118,0.693885,-0.244944,0.677146),fov=25.000000,dt=0.018526},
	{cf=CFrame.new(-2.765823,4.312561,3.055077,0.717413,0.312414,-0.622669,-0.059428,0.917994,0.392117,0.694109,-0.244306,0.677147),fov=25.000000,dt=0.031994},
	{cf=CFrame.new(-2.766891,4.313263,3.053785,0.717232,0.312829,-0.622669,-0.059960,0.917959,0.392117,0.694250,-0.243904,0.677147),fov=25.000000,dt=0.016186},
	{cf=CFrame.new(-2.767960,4.313934,3.052494,0.717051,0.313244,-0.622668,-0.060492,0.917925,0.392116,0.694391,-0.243501,0.677148),fov=25.000000,dt=0.016087},
	{cf=CFrame.new(-2.769028,4.314636,3.051201,0.716870,0.313659,-0.622668,-0.061023,0.917889,0.392116,0.694531,-0.243099,0.677148),fov=25.000000,dt=0.016628},
	{cf=CFrame.new(-2.770096,4.315308,3.049910,0.716688,0.314074,-0.622668,-0.061555,0.917854,0.392116,0.694672,-0.242696,0.677148),fov=25.000000,dt=0.016973},
	{cf=CFrame.new(-2.771759,4.316223,3.047983,0.716405,0.314719,-0.622668,-0.062383,0.917799,0.392115,0.694890,-0.242069,0.677149),fov=25.000000,dt=0.022753},
	{cf=CFrame.new(-2.772751,4.316406,3.047045,0.716237,0.315103,-0.622668,-0.062875,0.917765,0.392115,0.695019,-0.241697,0.677149),fov=25.000000,dt=0.013175},
	{cf=CFrame.new(-2.773743,4.316559,3.046108,0.716068,0.315486,-0.622668,-0.063367,0.917731,0.392114,0.695148,-0.241324,0.677149),fov=25.000000,dt=0.014169},
	{cf=CFrame.new(-2.775070,4.316772,3.044857,0.715843,0.315998,-0.622667,-0.064023,0.917686,0.392114,0.695320,-0.240827,0.677150),fov=25.000000,dt=0.016193},
	{cf=CFrame.new(-2.776382,4.317017,3.043606,0.715617,0.316509,-0.622667,-0.064678,0.917640,0.392113,0.695492,-0.240330,0.677150),fov=25.000000,dt=0.016822},
	{cf=CFrame.new(-2.777710,4.317230,3.042356,0.715391,0.317020,-0.622667,-0.065334,0.917594,0.392113,0.695663,-0.239833,0.677151),fov=25.000000,dt=0.016703},
	{cf=CFrame.new(-2.779037,4.317444,3.041107,0.715164,0.317530,-0.622667,-0.065990,0.917547,0.392113,0.695834,-0.239335,0.677151),fov=25.000000,dt=0.016969},
	{cf=CFrame.new(-2.780258,4.317535,3.039989,0.714968,0.317974,-0.622667,-0.066559,0.917506,0.392112,0.695982,-0.238903,0.677151),fov=25.000000,dt=0.017402},
	{cf=CFrame.new(-2.781464,4.317596,3.038919,0.714781,0.318394,-0.622667,-0.067099,0.917467,0.392112,0.696122,-0.238493,0.677152),fov=25.000000,dt=0.015441},
	{cf=CFrame.new(-2.782669,4.317627,3.037849,0.714593,0.318814,-0.622666,-0.067639,0.917428,0.392111,0.696262,-0.238084,0.677152),fov=25.000000,dt=0.016757},
	{cf=CFrame.new(-2.783875,4.317688,3.036777,0.714406,0.319234,-0.622666,-0.068179,0.917388,0.392111,0.696402,-0.237674,0.677152),fov=25.000000,dt=0.017415},
	{cf=CFrame.new(-2.785080,4.317749,3.035707,0.714218,0.319654,-0.622666,-0.068719,0.917348,0.392111,0.696541,-0.237264,0.677153),fov=25.000000,dt=0.016095},
	{cf=CFrame.new(-2.786041,4.317780,3.034834,0.714075,0.319975,-0.622666,-0.069131,0.917317,0.392110,0.696648,-0.236950,0.677153),fov=25.000000,dt=0.018143},
	{cf=CFrame.new(-2.786728,4.317810,3.034229,0.713978,0.320190,-0.622666,-0.069408,0.917296,0.392110,0.696719,-0.236740,0.677153),fov=25.000000,dt=0.018980},
	{cf=CFrame.new(-2.787735,4.317841,3.033323,0.713834,0.320512,-0.622666,-0.069822,0.917265,0.392110,0.696826,-0.236425,0.677153),fov=25.000000,dt=0.025303},
	{cf=CFrame.new(-2.788574,4.317871,3.032568,0.713713,0.320781,-0.622666,-0.070168,0.917239,0.392109,0.696915,-0.236163,0.677154),fov=25.000000,dt=0.018246},
	{cf=CFrame.new(-2.789246,4.317902,3.031963,0.713617,0.320996,-0.622666,-0.070444,0.917218,0.392109,0.696986,-0.235953,0.677154),fov=25.000000,dt=0.018190},
	{cf=CFrame.new(-2.789459,4.317932,3.031769,0.713586,0.321063,-0.622666,-0.070531,0.917211,0.392109,0.697008,-0.235887,0.677154),fov=25.000000,dt=0.017926},
	{cf=CFrame.new(-2.789520,4.317932,3.031715,0.713578,0.321081,-0.622666,-0.070553,0.917209,0.392109,0.697014,-0.235870,0.677154),fov=25.000000,dt=0.017417},
	{cf=CFrame.new(-2.789597,4.317932,3.031647,0.713569,0.321102,-0.622666,-0.070581,0.917207,0.392109,0.697021,-0.235848,0.677154),fov=25.000000,dt=0.018277},
	{cf=CFrame.new(-2.789658,4.317932,3.031591,0.713561,0.321120,-0.622666,-0.070603,0.917205,0.392109,0.697026,-0.235831,0.677154),fov=25.000000,dt=0.019401},
	{cf=CFrame.new(-2.789658,4.317932,3.031591,0.713561,0.321120,-0.622666,-0.070603,0.917205,0.392109,0.697027,-0.235831,0.677154),fov=25.000000,dt=0.017600},
	{cf=CFrame.new(-2.789658,4.317932,3.031591,0.713561,0.321120,-0.622666,-0.070603,0.917205,0.392109,0.697027,-0.235831,0.677154),fov=25.000000,dt=0.018278},
	{cf=CFrame.new(-2.789658,4.317932,3.031591,0.713561,0.321120,-0.622666,-0.070603,0.917205,0.392109,0.697027,-0.235831,0.677154),fov=25.000000,dt=0.017534},
	{cf=CFrame.new(-2.789658,4.317932,3.031591,0.713561,0.321120,-0.622666,-0.070603,0.917205,0.392109,0.697027,-0.235831,0.677154),fov=25.000000,dt=0.017645},
	{cf=CFrame.new(-2.789658,4.317932,3.031591,0.713561,0.321120,-0.622666,-0.070603,0.917205,0.392109,0.697027,-0.235831,0.677154),fov=25.000000,dt=0.017850},
	{cf=CFrame.new(-2.789658,4.317932,3.031591,0.713561,0.321120,-0.622666,-0.070603,0.917205,0.392109,0.697027,-0.235831,0.677154),fov=25.000000,dt=0.015605},
	{cf=CFrame.new(-2.789658,4.317932,3.031591,0.713561,0.321120,-0.622666,-0.070603,0.917205,0.392109,0.697027,-0.235831,0.677154),fov=25.000000,dt=0.024284},
	{cf=CFrame.new(-2.789658,4.317932,3.031591,0.713561,0.321120,-0.622666,-0.070603,0.917205,0.392109,0.697027,-0.235831,0.677154),fov=25.000000,dt=0.018353},
	{cf=CFrame.new(-2.789658,4.317932,3.031591,0.713561,0.321120,-0.622666,-0.070603,0.917205,0.392109,0.697027,-0.235831,0.677154),fov=25.000000,dt=0.014283},
	{cf=CFrame.new(-2.789658,4.317932,3.031591,0.713561,0.321120,-0.622666,-0.070603,0.917205,0.392109,0.697027,-0.235831,0.677154),fov=25.000000,dt=0.016860},
	{cf=CFrame.new(-2.789658,4.317932,3.031591,0.713561,0.321120,-0.622666,-0.070603,0.917205,0.392109,0.697027,-0.235831,0.677154),fov=25.000000,dt=0.017778},
	{cf=CFrame.new(-2.789658,4.317932,3.031591,0.713561,0.321120,-0.622666,-0.070603,0.917205,0.392109,0.697027,-0.235831,0.677154),fov=25.000000,dt=0.015284},
	{cf=CFrame.new(-2.789658,4.317932,3.031591,0.713561,0.321120,-0.622666,-0.070603,0.917205,0.392109,0.697027,-0.235831,0.677154),fov=25.000000,dt=0.016774},
	{cf=CFrame.new(-2.789658,4.317932,3.031591,0.713561,0.321120,-0.622666,-0.070603,0.917205,0.392109,0.697027,-0.235831,0.677154),fov=25.000000,dt=0.019143},
	{cf=CFrame.new(-2.789658,4.317932,3.031591,0.713561,0.321120,-0.622666,-0.070603,0.917205,0.392109,0.697027,-0.235831,0.677154),fov=25.000000,dt=0.014455},
	{cf=CFrame.new(-2.789658,4.317932,3.031591,0.713561,0.321120,-0.622666,-0.070603,0.917205,0.392109,0.697027,-0.235831,0.677154),fov=25.000000,dt=0.016723},
	{cf=CFrame.new(-2.789658,4.317932,3.031591,0.713561,0.321120,-0.622666,-0.070603,0.917205,0.392109,0.697027,-0.235831,0.677154),fov=25.000000,dt=0.016538},
	{cf=CFrame.new(-2.789658,4.317932,3.031591,0.713561,0.321120,-0.622666,-0.070603,0.917205,0.392109,0.697027,-0.235831,0.677154),fov=25.000000,dt=0.016056},
	{cf=CFrame.new(-2.789658,4.317932,3.031591,0.713561,0.321120,-0.622666,-0.070603,0.917205,0.392109,0.697027,-0.235831,0.677154),fov=25.000000,dt=0.017267},
	{cf=CFrame.new(-2.789658,4.317932,3.031591,0.713561,0.321120,-0.622666,-0.070603,0.917205,0.392109,0.697027,-0.235831,0.677154),fov=25.000000,dt=0.016780},
	{cf=CFrame.new(-2.789658,4.317932,3.031591,0.713561,0.321120,-0.622666,-0.070603,0.917205,0.392109,0.697027,-0.235831,0.677154),fov=25.000000,dt=0.023851},
	{cf=CFrame.new(-2.789658,4.317932,3.031591,0.713561,0.321120,-0.622666,-0.070603,0.917205,0.392109,0.697027,-0.235831,0.677154),fov=25.000000,dt=0.015011},
	{cf=CFrame.new(-2.789658,4.317932,3.031591,0.713561,0.321120,-0.622666,-0.070603,0.917205,0.392109,0.697027,-0.235831,0.677154),fov=25.000000,dt=0.012751},
	{cf=CFrame.new(-2.789658,4.317932,3.031591,0.713561,0.321120,-0.622666,-0.070603,0.917205,0.392109,0.697027,-0.235831,0.677154),fov=25.000000,dt=0.014812},
	{cf=CFrame.new(-2.789658,4.317932,3.031591,0.713561,0.321120,-0.622666,-0.070603,0.917205,0.392109,0.697027,-0.235831,0.677154),fov=25.000000,dt=0.016750},
	{cf=CFrame.new(-2.789658,4.317932,3.031591,0.713561,0.321120,-0.622666,-0.070603,0.917205,0.392109,0.697027,-0.235831,0.677154),fov=25.000000,dt=0.017026},
	{cf=CFrame.new(-2.789658,4.317932,3.031591,0.713561,0.321120,-0.622666,-0.070603,0.917205,0.392109,0.697027,-0.235831,0.677154),fov=25.000000,dt=0.016933},
	{cf=CFrame.new(-2.789658,4.317932,3.031591,0.713561,0.321120,-0.622666,-0.070603,0.917205,0.392109,0.697027,-0.235831,0.677154),fov=25.000000,dt=0.015644},
	{cf=CFrame.new(-2.789658,4.317932,3.031591,0.713561,0.321120,-0.622666,-0.070603,0.917205,0.392109,0.697027,-0.235831,0.677154),fov=25.000000,dt=0.017039},
	{cf=CFrame.new(-2.789658,4.317932,3.031591,0.713561,0.321120,-0.622666,-0.070603,0.917205,0.392109,0.697027,-0.235831,0.677154),fov=25.000000,dt=0.022637},
	{cf=CFrame.new(-2.789658,4.317932,3.031591,0.713561,0.321120,-0.622666,-0.070603,0.917205,0.392109,0.697027,-0.235831,0.677154),fov=25.000000,dt=0.014619},
	{cf=CFrame.new(-2.789658,4.317932,3.031591,0.713561,0.321120,-0.622666,-0.070603,0.917205,0.392109,0.697027,-0.235831,0.677154),fov=25.000000,dt=0.012689},
	{cf=CFrame.new(-2.789658,4.317932,3.031591,0.713561,0.321120,-0.622666,-0.070603,0.917205,0.392109,0.697027,-0.235831,0.677154),fov=25.000000,dt=0.016786},
	{cf=CFrame.new(-2.789658,4.317932,3.031591,0.713561,0.321120,-0.622666,-0.070603,0.917205,0.392109,0.697027,-0.235831,0.677154),fov=25.000000,dt=0.016217},
	{cf=CFrame.new(-2.789658,4.317932,3.031591,0.713561,0.321120,-0.622666,-0.070603,0.917205,0.392109,0.697027,-0.235831,0.677154),fov=25.000000,dt=0.016703},
	{cf=CFrame.new(-2.789658,4.317932,3.031591,0.713561,0.321120,-0.622666,-0.070603,0.917205,0.392109,0.697027,-0.235831,0.677154),fov=25.000000,dt=0.016581},
	{cf=CFrame.new(-2.789658,4.317932,3.031591,0.713561,0.321120,-0.622666,-0.070603,0.917205,0.392109,0.697027,-0.235831,0.677154),fov=25.000000,dt=0.017706},
	{cf=CFrame.new(-2.789658,4.317932,3.031591,0.713561,0.321120,-0.622666,-0.070603,0.917205,0.392109,0.697027,-0.235831,0.677154),fov=25.000000,dt=0.015730},
	{cf=CFrame.new(-2.789658,4.317932,3.031591,0.713561,0.321120,-0.622666,-0.070603,0.917205,0.392109,0.697027,-0.235831,0.677154),fov=25.000000,dt=0.020181},
	{cf=CFrame.new(-2.789658,4.317932,3.031591,0.713561,0.321120,-0.622666,-0.070603,0.917205,0.392109,0.697027,-0.235831,0.677154),fov=25.000000,dt=0.014041},
	{cf=CFrame.new(-2.789658,4.317932,3.031591,0.713561,0.321120,-0.622666,-0.070603,0.917205,0.392109,0.697027,-0.235831,0.677154),fov=25.000000,dt=0.015769},
	{cf=CFrame.new(-2.789658,4.317932,3.031591,0.713561,0.321120,-0.622666,-0.070603,0.917205,0.392109,0.697027,-0.235831,0.677154),fov=25.000000,dt=0.016711},
	{cf=CFrame.new(-2.789658,4.317932,3.031591,0.713561,0.321120,-0.622666,-0.070603,0.917205,0.392109,0.697027,-0.235831,0.677154),fov=25.000000,dt=0.016751},
	{cf=CFrame.new(-2.789658,4.317932,3.031591,0.713561,0.321120,-0.622666,-0.070603,0.917205,0.392109,0.697027,-0.235831,0.677154),fov=25.000000,dt=0.016985},
	{cf=CFrame.new(-2.789658,4.317932,3.031591,0.713561,0.321120,-0.622666,-0.070603,0.917205,0.392109,0.697027,-0.235831,0.677154),fov=25.000000,dt=0.016313},
	{cf=CFrame.new(-2.789658,4.317932,3.031591,0.713561,0.321120,-0.622666,-0.070603,0.917205,0.392109,0.697027,-0.235831,0.677154),fov=25.000000,dt=0.016444},
	{cf=CFrame.new(-2.789658,4.317932,3.031591,0.713561,0.321120,-0.622666,-0.070603,0.917205,0.392109,0.697027,-0.235831,0.677154),fov=25.000000,dt=0.020607},
	{cf=CFrame.new(-2.789658,4.317932,3.031591,0.713561,0.321120,-0.622666,-0.070603,0.917205,0.392109,0.697027,-0.235831,0.677154),fov=25.000000,dt=0.015371},
	{cf=CFrame.new(-2.789658,4.317932,3.031591,0.713561,0.321120,-0.622666,-0.070603,0.917205,0.392109,0.697027,-0.235831,0.677154),fov=25.000000,dt=0.015891},
	{cf=CFrame.new(-2.789658,4.317932,3.031591,0.713561,0.321120,-0.622666,-0.070603,0.917205,0.392109,0.697027,-0.235831,0.677154),fov=25.000000,dt=0.017474},
	{cf=CFrame.new(-2.789658,4.317932,3.031591,0.713561,0.321120,-0.622666,-0.070603,0.917205,0.392109,0.697027,-0.235831,0.677154),fov=25.000000,dt=0.016919},
	{cf=CFrame.new(-2.789658,4.317932,3.031591,0.713561,0.321120,-0.622666,-0.070603,0.917205,0.392109,0.697027,-0.235831,0.677154),fov=25.000000,dt=0.017179},
	{cf=CFrame.new(-2.789658,4.317932,3.031591,0.713561,0.321120,-0.622666,-0.070603,0.917205,0.392109,0.697027,-0.235831,0.677154),fov=25.000000,dt=0.017887},
	{cf=CFrame.new(-2.789658,4.317932,3.031591,0.713561,0.321120,-0.622666,-0.070603,0.917205,0.392109,0.697027,-0.235831,0.677154),fov=25.000000,dt=0.018124},
	{cf=CFrame.new(-2.789658,4.317932,3.031591,0.713561,0.321120,-0.622666,-0.070603,0.917205,0.392109,0.697027,-0.235831,0.677154),fov=25.000000,dt=0.017212},
	{cf=CFrame.new(-2.789658,4.317932,3.031591,0.713561,0.321120,-0.622666,-0.070603,0.917205,0.392109,0.697027,-0.235831,0.677154),fov=25.000000,dt=0.027853},
	{cf=CFrame.new(-2.789658,4.317932,3.031591,0.713561,0.321120,-0.622666,-0.070603,0.917205,0.392109,0.697027,-0.235831,0.677154),fov=25.000000,dt=0.018637},
	{cf=CFrame.new(-2.789658,4.317932,3.031591,0.713561,0.321120,-0.622666,-0.070603,0.917205,0.392109,0.697027,-0.235831,0.677154),fov=25.000000,dt=0.018533},
	{cf=CFrame.new(-2.789658,4.317932,3.031591,0.713561,0.321120,-0.622666,-0.070603,0.917205,0.392109,0.697027,-0.235831,0.677154),fov=25.000000,dt=0.019486},
	{cf=CFrame.new(-2.789658,4.317932,3.031591,0.713561,0.321120,-0.622666,-0.070603,0.917205,0.392109,0.697027,-0.235831,0.677154),fov=25.000000,dt=0.017921},
	{cf=CFrame.new(-2.789658,4.317932,3.031591,0.713561,0.321120,-0.622666,-0.070603,0.917205,0.392109,0.697027,-0.235831,0.677154),fov=25.000000,dt=0.018216},
	{cf=CFrame.new(-2.789658,4.317932,3.031591,0.713561,0.321120,-0.622666,-0.070603,0.917205,0.392109,0.697027,-0.235831,0.677154),fov=25.000000,dt=0.018956},
	{cf=CFrame.new(-2.789658,4.317932,3.031591,0.713561,0.321120,-0.622666,-0.070603,0.917205,0.392109,0.697027,-0.235831,0.677154),fov=25.000000,dt=0.017945},
	{cf=CFrame.new(-2.789658,4.317932,3.031591,0.713561,0.321120,-0.622666,-0.070603,0.917205,0.392109,0.697027,-0.235831,0.677154),fov=25.000000,dt=0.018640},
	{cf=CFrame.new(-2.789658,4.317932,3.031591,0.713561,0.321120,-0.622666,-0.070603,0.917205,0.392109,0.697027,-0.235831,0.677154),fov=25.000000,dt=0.021106},
	{cf=CFrame.new(-2.789658,4.317932,3.031591,0.713561,0.321120,-0.622666,-0.070603,0.917205,0.392109,0.697027,-0.235831,0.677154),fov=25.000000,dt=0.015954},
	{cf=CFrame.new(-2.789658,4.317932,3.031591,0.713561,0.321120,-0.622666,-0.070603,0.917205,0.392109,0.697027,-0.235831,0.677154),fov=25.000000,dt=0.013797},
	{cf=CFrame.new(-2.789658,4.317932,3.031591,0.713561,0.321120,-0.622666,-0.070603,0.917205,0.392109,0.697027,-0.235831,0.677154),fov=25.000000,dt=0.016965},
	{cf=CFrame.new(-2.789658,4.317932,3.031591,0.713561,0.321120,-0.622666,-0.070603,0.917205,0.392109,0.697027,-0.235831,0.677154),fov=25.000000,dt=0.022434},
	{cf=CFrame.new(-2.789658,4.317932,3.031591,0.713561,0.321120,-0.622666,-0.070603,0.917205,0.392109,0.697027,-0.235831,0.677154),fov=25.000000,dt=0.013453},
	{cf=CFrame.new(-2.789658,4.317932,3.031591,0.713561,0.321120,-0.622666,-0.070603,0.917205,0.392109,0.697027,-0.235831,0.677154),fov=25.000000,dt=0.014129},
	{cf=CFrame.new(-2.789658,4.317932,3.031591,0.713561,0.321120,-0.622666,-0.070603,0.917205,0.392109,0.697027,-0.235831,0.677154),fov=25.000000,dt=0.021812},
	{cf=CFrame.new(-2.789658,4.317932,3.031591,0.713561,0.321120,-0.622666,-0.070603,0.917205,0.392109,0.697027,-0.235831,0.677154),fov=25.000000,dt=0.014928},
	{cf=CFrame.new(-2.789658,4.317932,3.031591,0.713561,0.321120,-0.622666,-0.070603,0.917205,0.392109,0.697027,-0.235831,0.677154),fov=25.000000,dt=0.013000},
	{cf=CFrame.new(-2.789658,4.317932,3.031591,0.713561,0.321120,-0.622666,-0.070603,0.917205,0.392109,0.697027,-0.235831,0.677154),fov=25.000000,dt=0.016621},
	{cf=CFrame.new(-2.789658,4.317932,3.031591,0.713561,0.321120,-0.622666,-0.070603,0.917205,0.392109,0.697027,-0.235831,0.677154),fov=25.000000,dt=0.017036},
	{cf=CFrame.new(-2.789658,4.317932,3.031591,0.713561,0.321120,-0.622666,-0.070603,0.917205,0.392109,0.697027,-0.235831,0.677154),fov=25.000000,dt=0.021523},
	{cf=CFrame.new(-2.789658,4.317932,3.031591,0.713561,0.321120,-0.622666,-0.070603,0.917205,0.392109,0.697027,-0.235831,0.677154),fov=25.000000,dt=0.013560},
	{cf=CFrame.new(-2.789658,4.317932,3.031591,0.713561,0.321120,-0.622666,-0.070603,0.917205,0.392109,0.697027,-0.235831,0.677154),fov=25.000000,dt=0.014501},
	{cf=CFrame.new(-2.789658,4.317932,3.031591,0.713561,0.321120,-0.622666,-0.070603,0.917205,0.392109,0.697027,-0.235831,0.677154),fov=25.000000,dt=0.016566},
	{cf=CFrame.new(-2.789658,4.317932,3.031591,0.713561,0.321120,-0.622666,-0.070603,0.917205,0.392109,0.697027,-0.235831,0.677154),fov=25.000000,dt=0.016637},
	{cf=CFrame.new(-2.789658,4.317932,3.031591,0.713561,0.321120,-0.622666,-0.070603,0.917205,0.392109,0.697027,-0.235831,0.677154),fov=25.000000,dt=0.016918},
	{cf=CFrame.new(-2.789658,4.317932,3.031591,0.713561,0.321120,-0.622666,-0.070603,0.917205,0.392109,0.697027,-0.235831,0.677154),fov=25.000000,dt=0.016317},
	{cf=CFrame.new(-2.789658,4.317932,3.031591,0.713561,0.321120,-0.622666,-0.070603,0.917205,0.392109,0.697027,-0.235831,0.677154),fov=25.000000,dt=0.018188},
	{cf=CFrame.new(-2.789658,4.317932,3.031591,0.713561,0.321120,-0.622666,-0.070603,0.917205,0.392109,0.697027,-0.235831,0.677154),fov=25.000000,dt=0.015160},
	{cf=CFrame.new(-2.789658,4.317932,3.031591,0.713561,0.321120,-0.622666,-0.070603,0.917205,0.392109,0.697027,-0.235831,0.677154),fov=25.000000,dt=0.016489},
	{cf=CFrame.new(-2.789658,4.317932,3.031591,0.713561,0.321120,-0.622666,-0.070603,0.917205,0.392109,0.697027,-0.235831,0.677154),fov=25.000000,dt=0.024203},
	{cf=CFrame.new(-2.789658,4.317932,3.031591,0.713561,0.321120,-0.622666,-0.070603,0.917205,0.392109,0.697027,-0.235831,0.677154),fov=25.000000,dt=0.013366},
	{cf=CFrame.new(-2.789658,4.317932,3.031591,0.713561,0.321120,-0.622666,-0.070603,0.917205,0.392109,0.697027,-0.235831,0.677154),fov=25.000000,dt=0.014574},
	{cf=CFrame.new(-2.789658,4.317932,3.031591,0.713561,0.321120,-0.622666,-0.070603,0.917205,0.392109,0.697027,-0.235831,0.677154),fov=25.000000,dt=0.015258},
	{cf=CFrame.new(-2.789658,4.317932,3.031591,0.713561,0.321120,-0.622666,-0.070603,0.917205,0.392109,0.697027,-0.235831,0.677154),fov=25.000000,dt=0.016826},
	{cf=CFrame.new(-2.789658,4.317932,3.031591,0.713561,0.321120,-0.622666,-0.070603,0.917205,0.392109,0.697027,-0.235831,0.677154),fov=25.000000,dt=0.016928},
	{cf=CFrame.new(-2.789658,4.317932,3.031591,0.713561,0.321120,-0.622666,-0.070603,0.917205,0.392109,0.697027,-0.235831,0.677154),fov=25.000000,dt=0.015816},
	{cf=CFrame.new(-2.789658,4.317932,3.031591,0.713561,0.321120,-0.622666,-0.070603,0.917205,0.392109,0.697027,-0.235831,0.677154),fov=25.000000,dt=0.016839},
	{cf=CFrame.new(-2.789658,4.317932,3.031591,0.713561,0.321120,-0.622666,-0.070603,0.917205,0.392109,0.697027,-0.235831,0.677154),fov=25.000000,dt=0.016789},
	{cf=CFrame.new(-2.789658,4.317932,3.031591,0.713561,0.321120,-0.622666,-0.070603,0.917205,0.392109,0.697027,-0.235831,0.677154),fov=25.000000,dt=0.016312},
	{cf=CFrame.new(-2.789658,4.317932,3.031591,0.713561,0.321120,-0.622666,-0.070603,0.917205,0.392109,0.697027,-0.235831,0.677154),fov=25.000000,dt=0.016886},
	{cf=CFrame.new(-2.789658,4.317932,3.031591,0.713561,0.321120,-0.622666,-0.070603,0.917205,0.392109,0.697027,-0.235831,0.677154),fov=25.000000,dt=0.016228},
	{cf=CFrame.new(-2.789658,4.317932,3.031591,0.713561,0.321120,-0.622666,-0.070603,0.917205,0.392109,0.697027,-0.235831,0.677154),fov=25.000000,dt=0.016960},
	{cf=CFrame.new(-2.789658,4.317932,3.031591,0.713561,0.321120,-0.622666,-0.070603,0.917205,0.392109,0.697027,-0.235831,0.677154),fov=25.000000,dt=0.016687},
	{cf=CFrame.new(-2.789658,4.317932,3.031591,0.713561,0.321120,-0.622666,-0.070603,0.917205,0.392109,0.697027,-0.235831,0.677154),fov=25.000000,dt=0.016717},
	{cf=CFrame.new(-2.789658,4.317932,3.031591,0.713561,0.321120,-0.622666,-0.070603,0.917205,0.392109,0.697026,-0.235831,0.677154),fov=25.000000,dt=0.017198},
	{cf=CFrame.new(-2.789658,4.317932,3.031591,0.713561,0.321120,-0.622666,-0.070603,0.917205,0.392109,0.697027,-0.235831,0.677154),fov=25.000000,dt=0.021425},
	{cf=CFrame.new(-2.789658,4.317932,3.031591,0.713561,0.321120,-0.622666,-0.070603,0.917205,0.392109,0.697027,-0.235831,0.677154),fov=25.000000,dt=0.019127},
	{cf=CFrame.new(-2.789658,4.317932,3.031591,0.713561,0.321120,-0.622666,-0.070603,0.917205,0.392109,0.697027,-0.235831,0.677154),fov=25.000000,dt=0.018259},
	{cf=CFrame.new(-2.789658,4.317932,3.031591,0.713561,0.321120,-0.622666,-0.070603,0.917205,0.392109,0.697027,-0.235831,0.677154),fov=25.000000,dt=0.018494},
	{cf=CFrame.new(-2.789658,4.317932,3.031591,0.713561,0.321120,-0.622666,-0.070603,0.917205,0.392109,0.697027,-0.235831,0.677154),fov=25.000000,dt=0.015296},
	{cf=CFrame.new(-2.789658,4.317932,3.031591,0.713561,0.321120,-0.622666,-0.070603,0.917205,0.392109,0.697027,-0.235831,0.677154),fov=25.000000,dt=0.017805},
	{cf=CFrame.new(-2.789658,4.317932,3.031591,0.713561,0.321120,-0.622666,-0.070603,0.917205,0.392109,0.697027,-0.235831,0.677154),fov=25.000000,dt=0.018171},
	{cf=CFrame.new(-2.789658,4.317932,3.031591,0.713561,0.321120,-0.622666,-0.070603,0.917205,0.392109,0.697027,-0.235831,0.677154),fov=25.000000,dt=0.018176},
	{cf=CFrame.new(-2.789658,4.317932,3.031591,0.713561,0.321120,-0.622666,-0.070603,0.917205,0.392109,0.697027,-0.235831,0.677154),fov=25.000000,dt=0.019286},
	{cf=CFrame.new(-2.789658,4.317932,3.031591,0.713561,0.321120,-0.622666,-0.070603,0.917205,0.392109,0.697027,-0.235831,0.677154),fov=25.000000,dt=0.014129},
	{cf=CFrame.new(-2.789658,4.317932,3.031591,0.713561,0.321120,-0.622666,-0.070603,0.917205,0.392109,0.697027,-0.235831,0.677154),fov=25.000000,dt=0.016359},
	{cf=CFrame.new(-0.781601,1.591492,3.919651,0.978258,0.046257,-0.202167,-0.028165,0.995410,0.091468,0.205470,-0.083786,0.975070),fov=25.000000,dt=0.020064},
	{cf=CFrame.new(-0.096512,0.649384,4.222452,0.999467,-0.025435,-0.020470,0.025376,0.999673,-0.003153,0.020543,0.002632,0.999785),fov=25.000000,dt=0.098330},
	{cf=CFrame.new(-0.095886,0.624603,4.222387,0.999467,-0.025435,-0.020470,0.025376,0.999673,-0.003153,0.020543,0.002632,0.999785),fov=25.000000,dt=0.030464},
	{cf=CFrame.new(-0.095535,0.610626,4.222351,0.999467,-0.025435,-0.020470,0.025376,0.999673,-0.003153,0.020543,0.002632,0.999785),fov=25.000000,dt=0.026582},
	{cf=CFrame.new(-0.095337,0.602905,4.222330,0.999467,-0.025435,-0.020470,0.025376,0.999673,-0.003153,0.020543,0.002632,0.999785),fov=25.000000,dt=0.020726},
	{cf=CFrame.new(-0.095093,0.593597,4.222305,0.999467,-0.025435,-0.020470,0.025376,0.999673,-0.003153,0.020543,0.002632,0.999785),fov=25.000000,dt=0.024609},
	{cf=CFrame.new(-0.094864,0.584290,4.222281,0.999467,-0.025435,-0.020470,0.025376,0.999673,-0.003153,0.020543,0.002632,0.999785),fov=25.000000,dt=0.028364},
	{cf=CFrame.new(-0.094513,0.570343,4.222244,0.999467,-0.025435,-0.020470,0.025376,0.999673,-0.003153,0.020543,0.002632,0.999785),fov=25.000000,dt=0.033879},
	{cf=CFrame.new(-0.094269,0.561035,4.222219,0.999467,-0.025435,-0.020470,0.025376,0.999673,-0.003153,0.020543,0.002632,0.999785),fov=25.000000,dt=0.024161},
	{cf=CFrame.new(-0.093994,0.550201,4.222191,0.999467,-0.025435,-0.020470,0.025376,0.999673,-0.003153,0.020543,0.002632,0.999785),fov=25.000000,dt=0.029782},
	{cf=CFrame.new(-0.093765,0.540894,4.222168,0.999467,-0.025435,-0.020470,0.025376,0.999673,-0.003153,0.020543,0.002632,0.999785),fov=25.000000,dt=0.026115},
	{cf=CFrame.new(-0.093521,0.531616,4.222143,0.999467,-0.025435,-0.020470,0.025376,0.999673,-0.003153,0.020543,0.002632,0.999785),fov=25.000000,dt=0.024199},
	{cf=CFrame.new(-0.093369,0.525421,4.222126,0.999467,-0.025435,-0.020470,0.025376,0.999673,-0.003153,0.020543,0.002632,0.999785),fov=25.000000,dt=0.018779},
	{cf=CFrame.new(-0.093170,0.517670,4.222107,0.999467,-0.025435,-0.020470,0.025376,0.999673,-0.003153,0.020543,0.002632,0.999785),fov=25.000000,dt=0.019175},
	{cf=CFrame.new(-0.092972,0.509918,4.222086,0.999467,-0.025435,-0.020470,0.025376,0.999673,-0.003153,0.020543,0.002632,0.999785),fov=25.000000,dt=0.020106},
	{cf=CFrame.new(-0.092819,0.503723,4.222069,0.999467,-0.025435,-0.020470,0.025376,0.999673,-0.003153,0.020543,0.002632,0.999785),fov=25.000000,dt=0.018396},
	{cf=CFrame.new(-0.092621,0.495972,4.222050,0.999467,-0.025435,-0.020470,0.025376,0.999673,-0.003153,0.020543,0.002632,0.999785),fov=25.000000,dt=0.018337},
	{cf=CFrame.new(-0.092453,0.489777,4.222033,0.999467,-0.025435,-0.020470,0.025376,0.999673,-0.003153,0.020543,0.002632,0.999785),fov=25.000000,dt=0.020082},
	{cf=CFrame.new(-0.092300,0.483551,4.222017,0.999467,-0.025435,-0.020470,0.025376,0.999673,-0.003153,0.020543,0.002632,0.999785),fov=25.000000,dt=0.015907},
	{cf=CFrame.new(-0.092102,0.475830,4.221996,0.999467,-0.025435,-0.020470,0.025376,0.999673,-0.003153,0.020543,0.002632,0.999785),fov=25.000000,dt=0.017071},
	{cf=CFrame.new(-0.091949,0.469604,4.221981,0.999467,-0.025435,-0.020470,0.025376,0.999673,-0.003153,0.020543,0.002632,0.999785),fov=25.000000,dt=0.019331},
	{cf=CFrame.new(-0.091782,0.463409,4.221964,0.999467,-0.025435,-0.020470,0.025376,0.999673,-0.003153,0.020543,0.002632,0.999785),fov=25.000000,dt=0.015359},
	{cf=CFrame.new(-0.091629,0.457214,4.221947,0.999467,-0.025435,-0.020470,0.025376,0.999673,-0.003153,0.020543,0.002632,0.999785),fov=25.000000,dt=0.016310},
	{cf=CFrame.new(-0.091476,0.451019,4.221931,0.999467,-0.025435,-0.020470,0.025376,0.999673,-0.003153,0.020543,0.002632,0.999785),fov=25.000000,dt=0.018497},
	{cf=CFrame.new(-0.091354,0.446381,4.221920,0.999467,-0.025435,-0.020470,0.025376,0.999673,-0.003153,0.020543,0.002632,0.999785),fov=25.000000,dt=0.013438},
	{cf=CFrame.new(-0.091202,0.440186,4.221903,0.999467,-0.025435,-0.020470,0.025376,0.999673,-0.003153,0.020543,0.002632,0.999785),fov=25.000000,dt=0.018954},
	{cf=CFrame.new(-0.090988,0.431763,4.221882,0.999467,-0.025435,-0.020470,0.025376,0.999673,-0.003153,0.020543,0.002632,0.999785),fov=25.000000,dt=0.015961},
	{cf=CFrame.new(-0.090286,0.404297,4.221809,0.999467,-0.025435,-0.020470,0.025376,0.999673,-0.003153,0.020543,0.002632,0.999785),fov=25.000000,dt=0.081883},
	{cf=CFrame.new(-0.089920,0.390106,4.221773,0.999467,-0.025435,-0.020470,0.025376,0.999673,-0.003153,0.020543,0.002632,0.999785),fov=25.000000,dt=0.025030},
	{cf=CFrame.new(-0.089737,0.382782,4.221754,0.999467,-0.025435,-0.020470,0.025376,0.999673,-0.003153,0.020543,0.002632,0.999785),fov=25.000000,dt=0.014947},
	{cf=CFrame.new(-0.089600,0.377289,4.221739,0.999467,-0.025435,-0.020470,0.025376,0.999673,-0.003153,0.020543,0.002632,0.999785),fov=25.000000,dt=0.012448},
	{cf=CFrame.new(-0.089417,0.369995,4.221720,0.999467,-0.025435,-0.020470,0.025376,0.999673,-0.003153,0.020543,0.002632,0.999785),fov=25.000000,dt=0.015746},
	{cf=CFrame.new(-0.089264,0.364502,4.221704,0.999467,-0.025435,-0.020470,0.025376,0.999673,-0.003153,0.020543,0.002632,0.999785),fov=25.000000,dt=0.017065},
	{cf=CFrame.new(-0.089035,0.355347,4.221680,0.999467,-0.025435,-0.020470,0.025376,0.999673,-0.003153,0.020543,0.002632,0.999785),fov=25.000000,dt=0.016720},
	{cf=CFrame.new(-0.088837,0.347656,4.221661,0.999467,-0.025435,-0.020470,0.025376,0.999673,-0.003153,0.020543,0.002632,0.999785),fov=25.000000,dt=0.016418},
	{cf=CFrame.new(-0.088684,0.341797,4.221645,0.999467,-0.025435,-0.020470,0.025376,0.999673,-0.003153,0.020543,0.002632,0.999785),fov=25.000000,dt=0.016218},
	{cf=CFrame.new(-0.088486,0.333984,4.221624,0.999467,-0.025435,-0.020470,0.025376,0.999673,-0.003153,0.020543,0.002632,0.999785),fov=25.000000,dt=0.016886},
	{cf=CFrame.new(-0.088242,0.324188,4.221600,0.999467,-0.025435,-0.020470,0.025376,0.999673,-0.003153,0.020543,0.002632,0.999785),fov=25.000000,dt=0.017480},
	{cf=CFrame.new(-0.088043,0.316376,4.221579,0.999467,-0.025435,-0.020470,0.025376,0.999673,-0.003153,0.020543,0.002632,0.999785),fov=25.000000,dt=0.015979},
	{cf=CFrame.new(-0.087891,0.310516,4.221563,0.999467,-0.025435,-0.020470,0.025376,0.999673,-0.003153,0.020543,0.002632,0.999785),fov=25.000000,dt=0.016440},
	{cf=CFrame.new(-0.087708,0.303009,4.221544,0.999467,-0.025435,-0.020470,0.025376,0.999673,-0.003153,0.020543,0.002632,0.999785),fov=25.000000,dt=0.017455},
	{cf=CFrame.new(-0.087479,0.293976,4.221519,0.999467,-0.025435,-0.020470,0.025376,0.999673,-0.003153,0.020543,0.002632,0.999785),fov=25.000000,dt=0.015772},
	{cf=CFrame.new(-0.087296,0.286774,4.221500,0.999467,-0.025435,-0.020470,0.025376,0.999673,-0.003153,0.020543,0.002632,0.999785),fov=25.000000,dt=0.017619},
	{cf=CFrame.new(-0.087112,0.279572,4.221483,0.999467,-0.025435,-0.020470,0.025376,0.999673,-0.003153,0.020543,0.002632,0.999785),fov=25.000000,dt=0.020167},
	{cf=CFrame.new(-0.086884,0.270538,4.221458,0.999467,-0.025435,-0.020470,0.025376,0.999673,-0.003153,0.020543,0.002632,0.999785),fov=25.000000,dt=0.017912},
	{cf=CFrame.new(-0.086700,0.263336,4.221441,0.999467,-0.025435,-0.020470,0.025376,0.999673,-0.003153,0.020543,0.002632,0.999785),fov=25.000000,dt=0.017783},
	{cf=CFrame.new(-0.086563,0.258362,4.221428,0.999467,-0.025435,-0.020470,0.025376,0.999673,-0.003153,0.020543,0.002632,0.999785),fov=25.000000,dt=0.015716},
	{cf=CFrame.new(-0.086472,0.254639,4.221418,0.999467,-0.025435,-0.020470,0.025376,0.999673,-0.003153,0.020543,0.002632,0.999785),fov=25.000000,dt=0.015018},
	{cf=CFrame.new(-0.086319,0.248413,4.221403,0.999467,-0.025435,-0.020470,0.025376,0.999673,-0.003153,0.020543,0.002632,0.999785),fov=25.000000,dt=0.017184},
	{cf=CFrame.new(-0.086227,0.244690,4.221394,0.999467,-0.025435,-0.020470,0.025376,0.999673,-0.003153,0.020543,0.002632,0.999785),fov=25.000000,dt=0.014978},
	{cf=CFrame.new(-0.086060,0.238495,4.221378,0.999467,-0.025435,-0.020470,0.025376,0.999673,-0.003153,0.020543,0.002632,0.999785),fov=25.000000,dt=0.019036},
	{cf=CFrame.new(-0.085968,0.234772,4.221369,0.999467,-0.025435,-0.020470,0.025376,0.999673,-0.003153,0.020543,0.002632,0.999785),fov=25.000000,dt=0.014113},
	{cf=CFrame.new(-0.085846,0.230072,4.221355,0.999467,-0.025435,-0.020470,0.025376,0.999673,-0.003153,0.020543,0.002632,0.999785),fov=25.000000,dt=0.018369},
	{cf=CFrame.new(-0.085754,0.226624,4.221348,0.999467,-0.025435,-0.020470,0.025376,0.999673,-0.003153,0.020543,0.002632,0.999785),fov=25.000000,dt=0.019229},
	{cf=CFrame.new(-0.085678,0.223175,4.221338,0.999467,-0.025435,-0.020470,0.025376,0.999673,-0.003153,0.020543,0.002632,0.999785),fov=25.000000,dt=0.017486},
	{cf=CFrame.new(0.055710,0.269928,2.433514,0.730490,-0.021043,-0.682599,0.018747,0.999766,-0.010758,0.682666,-0.004938,0.730714),fov=25.000000,dt=0.018293},
	{cf=CFrame.new(0.488113,0.423645,-3.037933,-0.988591,-0.003330,-0.150589,-0.002207,0.999969,-0.007626,0.150609,-0.007207,-0.988567),fov=25.000000,dt=0.018378},
	{cf=CFrame.new(0.488113,0.423645,-3.037933,-0.990063,-0.003326,-0.140582,-0.002280,0.999968,-0.007605,0.140603,-0.007209,-0.990040),fov=25.000000,dt=0.019328},
	{cf=CFrame.new(0.488113,0.423645,-3.037933,-0.991435,-0.003323,-0.130562,-0.002353,0.999968,-0.007583,0.130584,-0.007211,-0.991411),fov=25.000000,dt=0.019283},
	{cf=CFrame.new(0.488113,0.423645,-3.037933,-0.992946,-0.003319,-0.118522,-0.002441,0.999968,-0.007556,0.118544,-0.007213,-0.992923),fov=25.000000,dt=0.027562},
	{cf=CFrame.new(0.488113,0.423645,-3.037933,-0.993872,-0.003317,-0.110489,-0.002499,0.999969,-0.007537,0.110510,-0.007214,-0.993849),fov=25.000000,dt=0.016602},
	{cf=CFrame.new(0.488113,0.423645,-3.037933,-0.994733,-0.003314,-0.102447,-0.002558,0.999968,-0.007517,0.102469,-0.007215,-0.994710),fov=25.000000,dt=0.016026},
	{cf=CFrame.new(0.488113,0.423645,-3.037933,-0.995336,-0.003313,-0.096411,-0.002602,0.999968,-0.007502,0.096433,-0.007216,-0.995313),fov=25.000000,dt=0.012895},
	{cf=CFrame.new(0.488113,0.423645,-3.037933,-0.995902,-0.003311,-0.090372,-0.002646,0.999969,-0.007487,0.090394,-0.007217,-0.995880),fov=25.000000,dt=0.012429},
	{cf=CFrame.new(0.488113,0.423645,-3.037933,-0.996432,-0.003310,-0.084331,-0.002689,0.999969,-0.007471,0.084353,-0.007218,-0.996410),fov=25.000000,dt=0.014572},
	{cf=CFrame.new(0.488113,0.423645,-3.037933,-0.997082,-0.003308,-0.076271,-0.002748,0.999968,-0.007450,0.076293,-0.007218,-0.997059),fov=25.000000,dt=0.017032},
	{cf=CFrame.new(0.488113,0.423645,-3.037933,-0.997801,-0.003306,-0.066191,-0.002821,0.999968,-0.007422,0.066214,-0.007219,-0.997779),fov=25.000000,dt=0.016852},
	{cf=CFrame.new(0.488113,0.423645,-3.037933,-0.998184,-0.003305,-0.060140,-0.002865,0.999969,-0.007406,0.060163,-0.007220,-0.998162),fov=25.000000,dt=0.016869},
	{cf=CFrame.new(0.488113,0.423645,-3.037933,-0.998741,-0.003303,-0.050052,-0.002938,0.999969,-0.007377,0.050075,-0.007221,-0.998719),fov=25.000000,dt=0.015883},
	{cf=CFrame.new(0.488113,0.423645,-3.037933,-0.999026,-0.003302,-0.043997,-0.002981,0.999968,-0.007359,0.044020,-0.007221,-0.999005),fov=25.000000,dt=0.017254},
	{cf=CFrame.new(0.488113,0.423645,-3.037933,-0.999349,-0.003301,-0.035922,-0.003040,0.999968,-0.007335,0.035945,-0.007221,-0.999328),fov=25.000000,dt=0.016094},
	{cf=CFrame.new(0.488113,0.423645,-3.037933,-0.999607,-0.003300,-0.027846,-0.003098,0.999968,-0.007311,0.027869,-0.007222,-0.999586),fov=25.000000,dt=0.016855},
	{cf=CFrame.new(0.488113,0.423645,-3.037933,-0.999799,-0.003300,-0.019770,-0.003156,0.999968,-0.007286,0.019793,-0.007222,-0.999778),fov=25.000000,dt=0.016649},
	{cf=CFrame.new(0.488113,0.423645,-3.037933,-0.999948,-0.003299,-0.009672,-0.003229,0.999968,-0.007254,0.009696,-0.007222,-0.999927),fov=25.000000,dt=0.016982},
	{cf=CFrame.new(0.488113,0.423645,-3.037933,-0.999988,-0.003298,-0.003614,-0.003272,0.999969,-0.007234,0.003638,-0.007222,-0.999967),fov=25.000000,dt=0.016000},
	{cf=CFrame.new(0.488113,0.423645,-3.037933,-0.999983,-0.003297,0.004732,-0.003331,0.999969,-0.007207,-0.004708,-0.007223,-0.999963),fov=25.000000,dt=0.017253},
	{cf=CFrame.new(0.488113,0.423645,-3.037933,-0.999885,-0.003297,0.014829,-0.003404,0.999969,-0.007173,-0.014804,-0.007223,-0.999864),fov=25.000000,dt=0.016254},
	{cf=CFrame.new(0.488113,0.423645,-3.037933,-0.999732,-0.003297,0.022906,-0.003461,0.999969,-0.007145,-0.022882,-0.007222,-0.999712),fov=25.000000,dt=0.016863},
	{cf=CFrame.new(0.488113,0.423645,-3.037933,-0.999515,-0.003297,0.030982,-0.003519,0.999969,-0.007117,-0.030958,-0.007222,-0.999495),fov=25.000000,dt=0.017003},
	{cf=CFrame.new(0.488113,0.423645,-3.037933,-0.999308,-0.003297,0.037040,-0.003562,0.999969,-0.007095,-0.037015,-0.007222,-0.999289),fov=25.000000,dt=0.016634},
	{cf=CFrame.new(0.488113,0.423645,-3.037933,-0.998883,-0.003298,0.047133,-0.003634,0.999969,-0.007058,-0.047108,-0.007222,-0.998864),fov=25.000000,dt=0.016595},
	{cf=CFrame.new(0.488113,0.423645,-3.037933,-0.998470,-0.003298,0.055204,-0.003692,0.999968,-0.007028,-0.055179,-0.007221,-0.998450),fov=25.000000,dt=0.016567},
	{cf=CFrame.new(0.488113,0.423645,-3.037933,-0.998117,-0.003299,0.061257,-0.003735,0.999969,-0.007005,-0.061232,-0.007221,-0.998097),fov=25.000000,dt=0.016374},
	{cf=CFrame.new(0.488113,0.423645,-3.037933,-0.997589,-0.003300,0.069323,-0.003792,0.999968,-0.006974,-0.069298,-0.007220,-0.997570),fov=25.000000,dt=0.016821},
	{cf=CFrame.new(0.488113,0.423645,-3.037933,-0.996837,-0.003301,0.079401,-0.003864,0.999968,-0.006935,-0.079376,-0.007220,-0.996819),fov=25.000000,dt=0.016575},
	{cf=CFrame.new(0.488113,0.423645,-3.037933,-0.996163,-0.003302,0.087459,-0.003921,0.999969,-0.006903,-0.087433,-0.007219,-0.996144),fov=25.000000,dt=0.017218},
	{cf=CFrame.new(0.488113,0.423645,-3.037933,-0.995423,-0.003304,0.095512,-0.003978,0.999969,-0.006870,-0.095486,-0.007218,-0.995405),fov=25.000000,dt=0.016179},
	{cf=CFrame.new(0.488113,0.423645,-3.037933,-0.994825,-0.003305,0.101547,-0.004021,0.999968,-0.006845,-0.101521,-0.007218,-0.994807),fov=25.000000,dt=0.016950},
	{cf=CFrame.new(0.488113,0.423645,-3.037933,-0.993971,-0.003306,0.109590,-0.004077,0.999969,-0.006811,-0.109564,-0.007217,-0.993954),fov=25.000000,dt=0.016319},
	{cf=CFrame.new(0.488113,0.423645,-3.037933,-0.993052,-0.003308,0.117626,-0.004134,0.999968,-0.006777,-0.117600,-0.007216,-0.993035),fov=25.000000,dt=0.016980},
	{cf=CFrame.new(0.488113,0.423645,-3.037933,-0.992069,-0.003310,0.125654,-0.004190,0.999969,-0.006743,-0.125628,-0.007216,-0.992051),fov=25.000000,dt=0.016314},
	{cf=CFrame.new(0.488113,0.423645,-3.037933,-0.991020,-0.003312,0.133676,-0.004247,0.999968,-0.006707,-0.133649,-0.007215,-0.991003),fov=25.000000,dt=0.016866},
	{cf=CFrame.new(0.488113,0.423645,-3.037933,-0.989617,-0.003315,0.143691,-0.004317,0.999968,-0.006662,-0.143664,-0.007214,-0.989600),fov=25.000000,dt=0.016685},
	{cf=CFrame.new(0.488113,0.423645,-3.037933,-0.988727,-0.003317,0.149694,-0.004359,0.999968,-0.006635,-0.149667,-0.007213,-0.988710),fov=25.000000,dt=0.016931},
	{cf=CFrame.new(0.488113,0.423645,-3.037933,-0.987162,-0.003320,0.159687,-0.004429,0.999969,-0.006589,-0.159660,-0.007212,-0.987146),fov=25.000000,dt=0.016369},
	{cf=CFrame.new(0.488113,0.423645,-3.037933,-0.985838,-0.003323,0.167670,-0.004485,0.999969,-0.006551,-0.167643,-0.007211,-0.985821),fov=25.000000,dt=0.016614},
	{cf=CFrame.new(0.488113,0.423645,-3.037933,-0.984448,-0.003326,0.175642,-0.004540,0.999969,-0.006513,-0.175615,-0.007209,-0.984433),fov=25.000000,dt=0.016497},
	{cf=CFrame.new(0.488113,0.423645,-3.037933,-0.982995,-0.003329,0.183603,-0.004596,0.999968,-0.006475,-0.183576,-0.007208,-0.982979),fov=25.000000,dt=0.016896},
	{cf=CFrame.new(0.488113,0.423645,-3.037933,-0.981862,-0.003332,0.189567,-0.004637,0.999968,-0.006445,-0.189540,-0.007208,-0.981847),fov=25.000000,dt=0.016947},
	{cf=CFrame.new(0.488113,0.423645,-3.037933,-0.979894,-0.003336,0.199492,-0.004706,0.999969,-0.006396,-0.199464,-0.007206,-0.979879),fov=25.000000,dt=0.016894},
	{cf=CFrame.new(1.826660,0.954651,1.802452,0.651295,-0.002433,0.758821,-0.003302,0.999976,0.006041,-0.758818,-0.006440,0.651271),fov=25.000000,dt=0.018478},
	{cf=CFrame.new(2.280365,1.134644,3.443110,0.987628,-0.003333,0.156778,0.002161,0.999968,0.007645,-0.156798,-0.007211,0.987604),fov=25.000000,dt=0.018737},
	{cf=CFrame.new(2.280365,1.134644,3.443110,0.987628,-0.003333,0.156778,0.002161,0.999968,0.007645,-0.156798,-0.007211,0.987604),fov=25.000000,dt=0.019934},
	{cf=CFrame.new(2.280365,1.134644,3.443110,0.987628,-0.003333,0.156778,0.002161,0.999968,0.007645,-0.156798,-0.007211,0.987604),fov=25.000000,dt=0.016645},
	{cf=CFrame.new(2.280365,1.134644,3.443110,0.987628,-0.003333,0.156778,0.002161,0.999968,0.007645,-0.156798,-0.007211,0.987604),fov=25.000000,dt=0.016628},
	{cf=CFrame.new(2.280365,1.134644,3.443110,0.987628,-0.003333,0.156778,0.002161,0.999968,0.007645,-0.156798,-0.007211,0.987604),fov=25.000000,dt=0.017321},
	{cf=CFrame.new(2.280365,1.134644,3.443110,0.987628,-0.003333,0.156778,0.002161,0.999968,0.007645,-0.156798,-0.007211,0.987604),fov=25.000000,dt=0.018846},
	{cf=CFrame.new(2.280365,1.134644,3.443110,0.987628,-0.003333,0.156778,0.002161,0.999968,0.007645,-0.156798,-0.007211,0.987604),fov=25.000000,dt=0.017709},
	{cf=CFrame.new(2.280365,1.134644,3.443110,0.987628,-0.003333,0.156778,0.002161,0.999968,0.007645,-0.156798,-0.007211,0.987604),fov=25.000000,dt=0.017674},
	{cf=CFrame.new(2.280365,1.134644,3.443110,0.987628,-0.003333,0.156778,0.002161,0.999968,0.007645,-0.156798,-0.007211,0.987604),fov=25.000000,dt=0.034068},
	{cf=CFrame.new(2.280365,1.134644,3.443110,0.987628,-0.003333,0.156778,0.002161,0.999968,0.007645,-0.156798,-0.007211,0.987604),fov=25.000000,dt=0.018535},
	{cf=CFrame.new(2.280365,1.134644,3.443110,0.987628,-0.003333,0.156778,0.002161,0.999968,0.007645,-0.156798,-0.007211,0.987604),fov=25.000000,dt=0.018911},
	{cf=CFrame.new(2.280365,1.134644,3.443110,0.987628,-0.003333,0.156778,0.002161,0.999968,0.007645,-0.156798,-0.007211,0.987604),fov=25.000000,dt=0.018508},
	{cf=CFrame.new(2.280365,1.134644,3.443110,0.987628,-0.003333,0.156778,0.002161,0.999968,0.007645,-0.156798,-0.007211,0.987604),fov=25.000000,dt=0.018309},
	{cf=CFrame.new(2.280365,1.134644,3.443110,0.987628,-0.003333,0.156778,0.002161,0.999968,0.007645,-0.156798,-0.007211,0.987604),fov=25.000000,dt=0.017838},
	{cf=CFrame.new(2.280365,1.134644,3.443110,0.987628,-0.003333,0.156778,0.002161,0.999968,0.007645,-0.156798,-0.007211,0.987604),fov=25.000000,dt=0.015420},
	{cf=CFrame.new(2.280365,1.134644,3.443110,0.987628,-0.003333,0.156778,0.002161,0.999968,0.007645,-0.156798,-0.007211,0.987604),fov=25.000000,dt=0.014001},
	{cf=CFrame.new(2.280365,1.134644,3.443110,0.987628,-0.003333,0.156778,0.002161,0.999968,0.007645,-0.156798,-0.007211,0.987604),fov=25.000000,dt=0.015089},
	{cf=CFrame.new(2.280365,1.134644,3.443110,0.987628,-0.003333,0.156778,0.002161,0.999968,0.007645,-0.156798,-0.007211,0.987604),fov=25.000000,dt=0.017354},
	{cf=CFrame.new(2.280365,1.134644,3.443110,0.987628,-0.003333,0.156778,0.002161,0.999968,0.007645,-0.156798,-0.007211,0.987604),fov=25.000000,dt=0.015999},
	{cf=CFrame.new(2.280365,1.134644,3.443110,0.987628,-0.003333,0.156778,0.002161,0.999968,0.007645,-0.156798,-0.007211,0.987604),fov=25.000000,dt=0.017193},
	{cf=CFrame.new(-0.014465,2.752533,3.518007,0.982099,0.093390,-0.163582,-0.060744,0.979066,0.194267,0.178300,-0.180853,0.967213),fov=25.000000,dt=0.016021},
	{cf=CFrame.new(-2.335724,4.389038,3.593767,0.862795,0.240506,-0.444681,-0.056662,0.920054,0.387673,0.502368,-0.309286,0.807446),fov=25.000000,dt=0.017267},
	{cf=CFrame.new(-2.335724,4.389038,3.593767,0.862093,0.240695,-0.445939,-0.056294,0.920039,0.387762,0.503614,-0.309183,0.806709),fov=25.000000,dt=0.016120},
	{cf=CFrame.new(-2.335724,4.389038,3.593767,0.860919,0.241009,-0.448034,-0.055679,0.920014,0.387909,0.505687,-0.309012,0.805476),fov=25.000000,dt=0.016627},
	{cf=CFrame.new(-2.335724,4.389038,3.593767,0.859975,0.241260,-0.449707,-0.055187,0.919995,0.388026,0.507343,-0.308875,0.804487),fov=25.000000,dt=0.016689},
	{cf=CFrame.new(-2.335724,4.389038,3.593765,0.859028,0.241510,-0.451379,-0.054695,0.919975,0.388142,0.508998,-0.308737,0.803494),fov=25.000000,dt=0.016762},
	{cf=CFrame.new(-2.335724,4.389038,3.593763,0.858315,0.241698,-0.452633,-0.054325,0.919961,0.388228,0.510239,-0.308632,0.802747),fov=25.000000,dt=0.016164},
	{cf=CFrame.new(-2.335739,4.389038,3.593760,0.857362,0.241948,-0.454303,-0.053832,0.919942,0.388342,0.511891,-0.308493,0.801748),fov=25.000000,dt=0.017039},
	{cf=CFrame.new(-2.335739,4.389038,3.593756,0.856166,0.242261,-0.456387,-0.053216,0.919918,0.388483,0.513953,-0.308319,0.800495),fov=25.000000,dt=0.016758},
	{cf=CFrame.new(-2.335739,4.389038,3.593754,0.855446,0.242449,-0.457636,-0.052846,0.919904,0.388567,0.515189,-0.308214,0.799740),fov=25.000000,dt=0.016405},
	{cf=CFrame.new(-2.335754,4.389038,3.593750,0.854241,0.242761,-0.459716,-0.052229,0.919880,0.388707,0.517246,-0.308039,0.798479),fov=25.000000,dt=0.016658},
	{cf=CFrame.new(-2.335785,4.389038,3.593723,0.853268,0.243012,-0.461387,-0.051734,0.919862,0.388816,0.518899,-0.307896,0.797461),fov=25.000000,dt=0.016857},
	{cf=CFrame.new(-2.335815,4.389038,3.593697,0.852535,0.243201,-0.462642,-0.051361,0.919848,0.388898,0.520141,-0.307788,0.796693),fov=25.000000,dt=0.016635},
	{cf=CFrame.new(-2.335861,4.389038,3.593655,0.851308,0.243515,-0.464731,-0.050740,0.919825,0.389033,0.522207,-0.307607,0.795411),fov=25.000000,dt=0.016689},
	{cf=CFrame.new(-2.335907,4.389038,3.593628,0.850570,0.243703,-0.465983,-0.050367,0.919812,0.389114,0.523445,-0.307498,0.794638),fov=25.000000,dt=0.016473},
	{cf=CFrame.new(-2.335953,4.389038,3.593584,0.849335,0.244017,-0.468067,-0.049745,0.919789,0.389247,0.525506,-0.307317,0.793347),fov=25.000000,dt=0.016739},
	{cf=CFrame.new(-2.335999,4.389038,3.593550,0.848343,0.244268,-0.469732,-0.049248,0.919771,0.389353,0.527152,-0.307171,0.792311),fov=25.000000,dt=0.018193},
	{cf=CFrame.new(-2.336166,4.389038,3.593407,0.847321,0.244527,-0.471438,-0.048741,0.919754,0.389457,0.528840,-0.307017,0.791245),fov=25.000000,dt=0.015291},
	{cf=CFrame.new(-2.336395,4.389038,3.593229,0.846287,0.244788,-0.473157,-0.048231,0.919737,0.389561,0.530540,-0.306859,0.790168),fov=25.000000,dt=0.016913},
	{cf=CFrame.new(-2.336609,4.389038,3.593052,0.845249,0.245049,-0.474874,-0.047720,0.919721,0.389663,0.532238,-0.306701,0.789086),fov=25.000000,dt=0.016170},
	{cf=CFrame.new(-2.336777,4.389038,3.592916,0.844468,0.245245,-0.476161,-0.047337,0.919708,0.389739,0.533510,-0.306582,0.788273),fov=25.000000,dt=0.016553},
	{cf=CFrame.new(-2.337006,4.389038,3.592739,0.843424,0.245505,-0.477874,-0.046827,0.919691,0.389840,0.535204,-0.306423,0.787186),fov=25.000000,dt=0.016650},
	{cf=CFrame.new(-2.337280,4.389038,3.592516,0.842114,0.245831,-0.480012,-0.046188,0.919671,0.389965,0.537319,-0.306224,0.785821),fov=25.000000,dt=0.016937},
	{cf=CFrame.new(-2.337845,4.389038,3.592052,0.840989,0.246113,-0.481836,-0.045652,0.919656,0.390063,0.539123,-0.306042,0.784656),fov=25.000000,dt=0.016950},
	{cf=CFrame.new(-2.338364,4.389038,3.591633,0.840124,0.246331,-0.483231,-0.045244,0.919645,0.390136,0.540504,-0.305899,0.783761),fov=25.000000,dt=0.015996},
	{cf=CFrame.new(-2.339233,4.389038,3.590931,0.838678,0.246692,-0.485554,-0.044564,0.919627,0.390256,0.542802,-0.305661,0.782264),fov=25.000000,dt=0.017270},
	{cf=CFrame.new(-2.339752,4.389038,3.590511,0.837807,0.246909,-0.486945,-0.044155,0.919616,0.390328,0.544178,-0.305518,0.781363),fov=25.000000,dt=0.016285},
	{cf=CFrame.new(-2.340439,4.389069,3.589951,0.836642,0.247199,-0.488798,-0.043611,0.919602,0.390423,0.546012,-0.305327,0.780158),fov=25.000000,dt=0.016401},
	{cf=CFrame.new(-2.341141,4.389069,3.589392,0.835473,0.247487,-0.490648,-0.043066,0.919588,0.390516,0.547842,-0.305135,0.778949),fov=25.000000,dt=0.016972},
	{cf=CFrame.new(-2.342239,4.389069,3.588499,0.834213,0.247801,-0.492629,-0.042492,0.919576,0.390608,0.549803,-0.304917,0.777652),fov=25.000000,dt=0.016410},
	{cf=CFrame.new(-2.343750,4.389069,3.587273,0.832861,0.248141,-0.494741,-0.041889,0.919566,0.390697,0.551895,-0.304672,0.776265),fov=25.000000,dt=0.017113},
	{cf=CFrame.new(-2.345276,4.389069,3.586044,0.831503,0.248480,-0.496850,-0.041286,0.919555,0.390785,0.553983,-0.304426,0.774872),fov=25.000000,dt=0.016118},
	{cf=CFrame.new(-2.346802,4.389069,3.584816,0.830140,0.248819,-0.498955,-0.040683,0.919545,0.390872,0.556068,-0.304180,0.773475),fov=25.000000,dt=0.017319},
	{cf=CFrame.new(-2.348694,4.389069,3.583282,0.828429,0.249242,-0.501581,-0.039929,0.919533,0.390980,0.558669,-0.303871,0.771720),fov=25.000000,dt=0.019494},
	{cf=CFrame.new(-2.350204,4.389069,3.582056,0.827053,0.249580,-0.503679,-0.039326,0.919523,0.391064,0.560746,-0.303623,0.770310),fov=25.000000,dt=0.019087},
	{cf=CFrame.new(-2.353104,4.389099,3.579721,0.825113,0.250063,-0.506612,-0.038502,0.919515,0.391164,0.563654,-0.303249,0.768332),fov=25.000000,dt=0.017433},
	{cf=CFrame.new(-2.354980,4.389099,3.578197,0.823912,0.250362,-0.508418,-0.037997,0.919512,0.391222,0.565443,-0.303014,0.767109),fov=25.000000,dt=0.012496},
	{cf=CFrame.new(-2.357483,4.389099,3.576168,0.822303,0.250759,-0.510820,-0.037324,0.919507,0.391298,0.567824,-0.302700,0.765473),fov=25.000000,dt=0.018905},
	{cf=CFrame.new(-2.360626,4.389099,3.573631,0.820283,0.251255,-0.513816,-0.036482,0.919501,0.391392,0.570794,-0.302307,0.763417),fov=25.000000,dt=0.018472},
	{cf=CFrame.new(-2.363144,4.389130,3.571602,0.818658,0.251651,-0.516208,-0.035808,0.919496,0.391465,0.573164,-0.301991,0.761764),fov=25.000000,dt=0.017977},
	{cf=CFrame.new(-2.365646,4.389130,3.569572,0.817026,0.252046,-0.518595,-0.035135,0.919492,0.391536,0.575529,-0.301675,0.760104),fov=25.000000,dt=0.016798},
	{cf=CFrame.new(-2.369812,4.389130,3.566202,0.814748,0.252601,-0.521899,-0.034220,0.919492,0.391616,0.578804,-0.301209,0.757798),fov=25.000000,dt=0.020554},
	{cf=CFrame.new(-2.373154,4.389130,3.563503,0.812915,0.253044,-0.524535,-0.033488,0.919493,0.391678,0.581418,-0.300835,0.755944),fov=25.000000,dt=0.016643},
	{cf=CFrame.new(-2.376480,4.389160,3.560806,0.811074,0.253486,-0.527166,-0.032756,0.919493,0.391739,0.584026,-0.300461,0.754080),fov=25.000000,dt=0.016963},
	{cf=CFrame.new(-2.379822,4.389160,3.558109,0.809224,0.253928,-0.529790,-0.032024,0.919494,0.391797,0.586627,-0.300085,0.752208),fov=25.000000,dt=0.018269},
	{cf=CFrame.new(-2.383987,4.389160,3.554737,0.806898,0.254479,-0.533062,-0.031109,0.919495,0.391868,0.589870,-0.299615,0.749856),fov=25.000000,dt=0.017584},
	{cf=CFrame.new(-2.387558,4.389191,3.551851,0.804975,0.254931,-0.535747,-0.030360,0.919498,0.391920,0.592531,-0.299220,0.747913),fov=25.000000,dt=0.017518},
	{cf=CFrame.new(-2.391373,4.389191,3.548771,0.802989,0.255396,-0.538500,-0.029594,0.919503,0.391966,0.595259,-0.298808,0.745909),fov=25.000000,dt=0.017036},
	{cf=CFrame.new(-2.396133,4.389221,3.544922,0.800492,0.255976,-0.541931,-0.028637,0.919510,0.392022,0.598659,-0.298291,0.743391),fov=25.000000,dt=0.020528},
	{cf=CFrame.new(-2.403748,4.389221,3.538765,0.796466,0.256901,-0.547397,-0.027105,0.919521,0.392105,0.604075,-0.297461,0.739331),fov=25.000000,dt=0.033875},
	{cf=CFrame.new(-2.407547,4.389252,3.535685,0.794439,0.257362,-0.550120,-0.026339,0.919527,0.392144,0.606773,-0.297045,0.737286),fov=25.000000,dt=0.013844},
	{cf=CFrame.new(-2.418976,4.389282,3.526447,0.788472,0.258687,-0.558025,-0.024106,0.919555,0.392222,0.614598,-0.295804,0.731279),fov=25.000000,dt=0.016195},
	{cf=CFrame.new(-2.429474,4.389313,3.517960,0.782934,0.259894,-0.565217,-0.022060,0.919582,0.392277,0.621714,-0.294658,0.725705),fov=25.000000,dt=0.016695},
	{cf=CFrame.new(-2.443481,4.389343,3.506643,0.775445,0.261491,-0.574724,-0.019333,0.919621,0.392330,0.631119,-0.293119,0.718171),fov=25.000000,dt=0.016517},
	{cf=CFrame.new(-2.460983,4.389374,3.492496,0.765917,0.263471,-0.586476,-0.015924,0.919673,0.392362,0.642743,-0.291178,0.708588),fov=25.000000,dt=0.017329},
	{cf=CFrame.new(0.510468,1.289948,3.414158,0.928109,0.185886,0.322583,-0.233098,0.965730,0.114154,-0.290308,-0.181141,0.939632),fov=25.000000,dt=0.016218},
	{cf=CFrame.new(3.582535,-1.837311,3.338041,0.211894,0.240408,0.947262,-0.149181,0.965869,-0.211760,-0.965840,-0.096443,0.240526),fov=10.000000,dt=0.024825},
	{cf=CFrame.new(3.700272,-1.837311,3.338120,0.209570,0.235100,0.949109,-0.142179,0.967675,-0.208305,-0.967401,-0.091289,0.236222),fov=12.500000,dt=0.018985},
	{cf=CFrame.new(3.818008,-1.837311,3.338200,0.207189,0.229805,0.950927,-0.135183,0.969419,-0.204820,-0.968916,-0.086113,0.231919),fov=17.500000,dt=0.016033},
	{cf=CFrame.new(3.888657,-1.837311,3.338247,0.205733,0.226634,0.952004,-0.130989,0.970437,-0.202714,-0.969802,-0.082997,0.229337),fov=17.500000,dt=0.016027},
	{cf=CFrame.new(3.982834,-1.837311,3.338310,0.203759,0.222413,0.953423,-0.125401,0.971760,-0.199890,-0.970957,-0.078831,0.225896),fov=20.000000,dt=0.014671},
	{cf=CFrame.new(4.053482,-1.837341,3.338358,0.202255,0.219252,0.954474,-0.121214,0.972727,-0.197760,-0.971802,-0.075697,0.223316),fov=22.500000,dt=0.016037},
	{cf=CFrame.new(4.147675,-1.837341,3.338421,0.200219,0.215047,0.955860,-0.115635,0.973982,-0.194902,-0.972903,-0.071508,0.219876),fov=25.000000,dt=0.014245},
	{cf=CFrame.new(4.241852,-1.837341,3.338484,0.198146,0.210850,0.957225,-0.110063,0.975199,-0.192026,-0.973973,-0.067306,0.216438),fov=25.428572,dt=0.018174},
	{cf=CFrame.new(4.336029,-1.837341,3.338547,0.196037,0.206663,0.958572,-0.104496,0.976376,-0.189131,-0.975013,-0.063091,0.213001),fov=25.857143,dt=0.016309},
	{cf=CFrame.new(4.359772,-1.837341,3.331236,0.195875,0.205255,0.958907,-0.101341,0.976851,-0.188396,-0.975379,-0.060274,0.212141),fov=26.285711,dt=0.016160},
	{cf=CFrame.new(4.359772,-1.837341,3.318989,0.196498,0.204663,0.958906,-0.098409,0.977151,-0.188392,-0.975553,-0.057346,0.212149),fov=26.714287,dt=0.019217},
	{cf=CFrame.new(4.359756,-1.837341,3.309193,0.196994,0.204189,0.958906,-0.096063,0.977385,-0.188389,-0.975687,-0.055004,0.212154),fov=27.142859,dt=0.017511},
	{cf=CFrame.new(4.359756,-1.837341,3.296946,0.197611,0.203594,0.958905,-0.093129,0.977670,-0.188386,-0.975847,-0.052075,0.212159),fov=28.000000,dt=0.021237},
	{cf=CFrame.new(4.359741,-1.837341,3.284698,0.198224,0.202997,0.958906,-0.090194,0.977945,-0.188383,-0.975998,-0.049146,0.212161),fov=27.714287,dt=0.023066},
	{cf=CFrame.new(4.359741,-1.837341,3.272451,0.198833,0.202399,0.958906,-0.087258,0.978212,-0.188380,-0.976141,-0.046216,0.212161),fov=27.428572,dt=0.017344},
	{cf=CFrame.new(4.359741,-1.837341,3.262653,0.199317,0.201919,0.958907,-0.084908,0.978419,-0.188379,-0.976250,-0.043872,0.212160),fov=27.142859,dt=0.018148},
	{cf=CFrame.new(4.359726,-1.837341,3.252857,0.199798,0.201438,0.958907,-0.082557,0.978621,-0.188377,-0.976353,-0.041527,0.212157),fov=26.857143,dt=0.015056},
	{cf=CFrame.new(4.359726,-1.837341,3.251879,0.200190,0.201050,0.958907,-0.080668,0.978778,-0.188375,-0.976431,-0.039643,0.212160),fov=26.571428,dt=0.015115},
	{cf=CFrame.new(4.359726,-1.837341,3.253872,0.200550,0.200694,0.958907,-0.078935,0.978920,-0.188373,-0.976498,-0.037913,0.212164),fov=26.285711,dt=0.016345},
	{cf=CFrame.new(4.359741,-1.837341,3.255865,0.200909,0.200336,0.958906,-0.077201,0.979059,-0.188372,-0.976563,-0.036183,0.212167),fov=26.000000,dt=0.016537},
	{cf=CFrame.new(4.359741,-1.837341,3.257858,0.201266,0.199979,0.958906,-0.075467,0.979194,-0.188370,-0.976625,-0.034453,0.212170),fov=25.666668,dt=0.020910},
	{cf=CFrame.new(4.359741,-1.837341,3.259850,0.201622,0.199621,0.958906,-0.073733,0.979327,-0.188369,-0.976684,-0.032723,0.212172),fov=25.333332,dt=0.016838},
	{cf=CFrame.new(4.359741,-1.837341,3.261843,0.201977,0.199262,0.958906,-0.071998,0.979456,-0.188367,-0.976740,-0.030993,0.212174),fov=25.000000,dt=0.013795},
	{cf=CFrame.new(4.359741,-1.837341,3.263338,0.202242,0.198992,0.958906,-0.070696,0.979551,-0.188366,-0.976781,-0.029695,0.212174),fov=25.000000,dt=0.015156},
	{cf=CFrame.new(4.359741,-1.837341,3.265331,0.202594,0.198633,0.958906,-0.068961,0.979675,-0.188365,-0.976832,-0.027965,0.212174),fov=25.000000,dt=0.016641},
	{cf=CFrame.new(4.359756,-1.837341,3.267323,0.202945,0.198272,0.958906,-0.067225,0.979796,-0.188364,-0.976880,-0.026235,0.212173),fov=25.000000,dt=0.016989},
	{cf=CFrame.new(4.359756,-1.837341,3.269316,0.203295,0.197911,0.958907,-0.065489,0.979913,-0.188363,-0.976925,-0.024504,0.212172),fov=25.000000,dt=0.016384},
	{cf=CFrame.new(4.359756,-1.838501,3.270853,0.203553,0.197645,0.958907,-0.064207,0.979999,-0.188362,-0.976956,-0.023227,0.212172),fov=25.000000,dt=0.016473},
	{cf=CFrame.new(4.359756,-1.840820,3.271933,0.203720,0.197473,0.958907,-0.063383,0.980052,-0.188362,-0.976975,-0.022406,0.212172),fov=25.000000,dt=0.016664},
	{cf=CFrame.new(4.359756,-1.843170,3.273010,0.203886,0.197301,0.958907,-0.062560,0.980105,-0.188362,-0.976994,-0.021585,0.212173),fov=25.000000,dt=0.016584},
	{cf=CFrame.new(4.359756,-1.845490,3.274090,0.204053,0.197130,0.958907,-0.061736,0.980158,-0.188361,-0.977011,-0.020764,0.212174),fov=25.000000,dt=0.017072},
	{cf=CFrame.new(4.359756,-1.847809,3.275167,0.204218,0.196958,0.958907,-0.060912,0.980209,-0.188361,-0.977028,-0.019943,0.212174),fov=25.000000,dt=0.016809},
	{cf=CFrame.new(4.359756,-1.850708,3.276516,0.204425,0.196743,0.958907,-0.059883,0.980273,-0.188360,-0.977049,-0.018916,0.212174),fov=25.000000,dt=0.018836},
	{cf=CFrame.new(4.359756,-1.853638,3.277863,0.204632,0.196528,0.958907,-0.058853,0.980335,-0.188360,-0.977068,-0.017890,0.212174),fov=25.000000,dt=0.018938},
	{cf=CFrame.new(4.359741,-1.855957,3.278942,0.204797,0.196355,0.958907,-0.058029,0.980384,-0.188360,-0.977083,-0.017069,0.212174),fov=25.000000,dt=0.020154},
	{cf=CFrame.new(4.359756,-1.855957,3.275513,0.204949,0.196197,0.958907,-0.057272,0.980429,-0.188360,-0.977096,-0.016314,0.212174),fov=25.000000,dt=0.019711},
	{cf=CFrame.new(4.359772,-1.855957,3.272764,0.205070,0.196070,0.958907,-0.056666,0.980464,-0.188359,-0.977105,-0.015711,0.212174),fov=25.000000,dt=0.017996},
	{cf=CFrame.new(4.359772,-1.855957,3.269329,0.205222,0.195912,0.958907,-0.055909,0.980508,-0.188359,-0.977117,-0.014956,0.212175),fov=25.000000,dt=0.018836},
	{cf=CFrame.new(4.359787,-1.855957,3.265892,0.205373,0.195753,0.958907,-0.055152,0.980550,-0.188359,-0.977129,-0.014202,0.212175),fov=25.000000,dt=0.019413},
	{cf=CFrame.new(4.359787,-1.855988,3.263142,0.205494,0.195626,0.958907,-0.054547,0.980584,-0.188359,-0.977137,-0.013599,0.212174),fov=25.000000,dt=0.019321},
	{cf=CFrame.new(4.359802,-1.855988,3.261000,0.205585,0.195530,0.958907,-0.054089,0.980610,-0.188359,-0.977143,-0.013142,0.212175),fov=25.000000,dt=0.014132},
	{cf=CFrame.new(4.359802,-1.855988,3.259060,0.205667,0.195444,0.958907,-0.053681,0.980632,-0.188359,-0.977149,-0.012736,0.212175),fov=25.000000,dt=0.020344},
	{cf=CFrame.new(4.359802,-1.855988,3.256636,0.205769,0.195337,0.958907,-0.053170,0.980660,-0.188358,-0.977155,-0.012227,0.212176),fov=25.000000,dt=0.018722},
	{cf=CFrame.new(4.359802,-1.855988,3.254211,0.205871,0.195230,0.958907,-0.052660,0.980687,-0.188358,-0.977161,-0.011719,0.212176),fov=25.000000,dt=0.019259},
	{cf=CFrame.new(4.359802,-1.855988,3.252272,0.205952,0.195144,0.958907,-0.052252,0.980709,-0.188358,-0.977166,-0.011312,0.212176),fov=25.000000,dt=0.019355},
	{cf=CFrame.new(4.359802,-1.855957,3.249847,0.206054,0.195037,0.958907,-0.051742,0.980736,-0.188358,-0.977172,-0.010804,0.212176),fov=25.000000,dt=0.018041},
	{cf=CFrame.new(4.359802,-1.855957,3.248392,0.206115,0.194972,0.958907,-0.051436,0.980753,-0.188358,-0.977175,-0.010499,0.212176),fov=25.000000,dt=0.015821},
	{cf=CFrame.new(4.359802,-1.855957,3.245968,0.206216,0.194865,0.958907,-0.050925,0.980779,-0.188358,-0.977180,-0.009990,0.212176),fov=25.000000,dt=0.019720},
	{cf=CFrame.new(4.359802,-1.855957,3.244030,0.206297,0.194779,0.958907,-0.050517,0.980800,-0.188358,-0.977184,-0.009583,0.212176),fov=25.000000,dt=0.015811},
	{cf=CFrame.new(4.361053,-1.855988,3.243261,0.206340,0.194834,0.958886,-0.050615,0.980788,-0.188393,-0.977170,-0.009661,0.212238),fov=25.000000,dt=0.018572},
	{cf=CFrame.new(4.364197,-1.855988,3.243776,0.206345,0.195082,0.958835,-0.051375,0.980732,-0.188481,-0.977130,-0.010368,0.212392),fov=25.000000,dt=0.017668},
	{cf=CFrame.new(4.366730,-1.855988,3.244188,0.206349,0.195280,0.958794,-0.051984,0.980687,-0.188551,-0.977097,-0.010934,0.212515),fov=25.000000,dt=0.020827},
	{cf=CFrame.new(4.369247,-1.855988,3.244602,0.206353,0.195478,0.958753,-0.052592,0.980641,-0.188621,-0.977063,-0.011500,0.212638),fov=25.000000,dt=0.016547},
	{cf=CFrame.new(4.371765,-1.855988,3.245014,0.206356,0.195676,0.958712,-0.053200,0.980594,-0.188691,-0.977030,-0.012066,0.212762),fov=25.000000,dt=0.015244},
	{cf=CFrame.new(4.374283,-1.855988,3.245426,0.206360,0.195874,0.958670,-0.053808,0.980548,-0.188761,-0.976996,-0.012631,0.212885),fov=25.000000,dt=0.014765},
	{cf=CFrame.new(4.376175,-1.855988,3.245735,0.206362,0.196023,0.958640,-0.054264,0.980512,-0.188814,-0.976970,-0.013056,0.212978),fov=25.000000,dt=0.014858},
	{cf=CFrame.new(4.379318,-1.855988,3.246250,0.206365,0.196270,0.958588,-0.055024,0.980453,-0.188901,-0.976927,-0.013763,0.213131),fov=25.000000,dt=0.016903},
	{cf=CFrame.new(4.381210,-1.855988,3.246559,0.206368,0.196419,0.958557,-0.055481,0.980418,-0.188954,-0.976901,-0.014187,0.213224),fov=25.000000,dt=0.016649},
	{cf=CFrame.new(4.384354,-1.855988,3.247076,0.206371,0.196666,0.958506,-0.056241,0.980357,-0.189041,-0.976856,-0.014894,0.213378),fov=25.000000,dt=0.017500},
	{cf=CFrame.new(4.386871,-1.855988,3.247488,0.206373,0.196864,0.958465,-0.056849,0.980309,-0.189111,-0.976821,-0.015460,0.213500),fov=25.000000,dt=0.016071},
	{cf=CFrame.new(4.389389,-1.855988,3.247900,0.206375,0.197063,0.958424,-0.057457,0.980260,-0.189180,-0.976785,-0.016026,0.213623),fov=25.000000,dt=0.016625},
	{cf=CFrame.new(4.391281,-1.855988,3.248211,0.206376,0.197211,0.958393,-0.057913,0.980223,-0.189233,-0.976757,-0.016450,0.213716),fov=25.000000,dt=0.016214},
	{cf=CFrame.new(4.393799,-1.855988,3.248623,0.206378,0.197409,0.958352,-0.058521,0.980173,-0.189302,-0.976721,-0.017016,0.213839),fov=25.000000,dt=0.016946},
	{cf=CFrame.new(4.396317,-1.855988,3.249035,0.206379,0.197607,0.958311,-0.059129,0.980124,-0.189372,-0.976684,-0.017581,0.213961),fov=25.000000,dt=0.016637},
	{cf=CFrame.new(4.399460,-1.855988,3.249550,0.206380,0.197855,0.958259,-0.059889,0.980061,-0.189458,-0.976637,-0.018288,0.214115),fov=25.000000,dt=0.017202},
	{cf=CFrame.new(4.401352,-1.856018,3.249859,0.206381,0.198004,0.958228,-0.060345,0.980023,-0.189510,-0.976609,-0.018713,0.214207),fov=25.000000,dt=0.015870},
	{cf=CFrame.new(4.403870,-1.856018,3.250271,0.206382,0.198202,0.958187,-0.060953,0.979972,-0.189580,-0.976571,-0.019278,0.214329),fov=25.000000,dt=0.017171},
	{cf=CFrame.new(4.405792,-1.856018,3.250483,0.206356,0.198328,0.958166,-0.061386,0.979938,-0.189614,-0.976550,-0.019690,0.214391),fov=25.000000,dt=0.016085},
	{cf=CFrame.new(4.407089,-1.856018,3.250492,0.206304,0.198383,0.958166,-0.061645,0.979922,-0.189614,-0.976544,-0.019948,0.214391),fov=25.000000,dt=0.016945},
	{cf=CFrame.new(4.408401,-1.856018,3.250502,0.206252,0.198437,0.958166,-0.061903,0.979905,-0.189614,-0.976539,-0.020206,0.214391),fov=25.000000,dt=0.016930},
	{cf=CFrame.new(4.409698,-1.856018,3.250509,0.206200,0.198491,0.958166,-0.062162,0.979889,-0.189614,-0.976533,-0.020463,0.214392),fov=25.000000,dt=0.016409},
	{cf=CFrame.new(4.411331,-1.856018,3.250521,0.206134,0.198559,0.958166,-0.062485,0.979868,-0.189614,-0.976527,-0.020785,0.214391),fov=25.000000,dt=0.024891},
	{cf=CFrame.new(4.412964,-1.856018,3.250532,0.206069,0.198627,0.958166,-0.062808,0.979848,-0.189614,-0.976520,-0.021107,0.214392),fov=25.000000,dt=0.014674},
	{cf=CFrame.new(4.413940,-1.856018,3.250538,0.206030,0.198668,0.958166,-0.063002,0.979835,-0.189614,-0.976515,-0.021300,0.214392),fov=25.000000,dt=0.013906},
	{cf=CFrame.new(4.414917,-1.856018,3.250546,0.205991,0.198709,0.958166,-0.063196,0.979823,-0.189614,-0.976511,-0.021494,0.214392),fov=25.000000,dt=0.012388},
	{cf=CFrame.new(4.416214,-1.856018,3.250553,0.205938,0.198763,0.958166,-0.063454,0.979806,-0.189614,-0.976506,-0.021751,0.214392),fov=25.000000,dt=0.016978},
	{cf=CFrame.new(4.417526,-1.856018,3.250563,0.205886,0.198817,0.958166,-0.063713,0.979789,-0.189614,-0.976500,-0.022009,0.214392),fov=25.000000,dt=0.016896},
	{cf=CFrame.new(4.418823,-1.856018,3.250572,0.205834,0.198871,0.958166,-0.063971,0.979773,-0.189614,-0.976494,-0.022266,0.214392),fov=25.000000,dt=0.017144},
	{cf=CFrame.new(4.420135,-1.856018,3.250580,0.205781,0.198926,0.958166,-0.064230,0.979756,-0.189613,-0.976488,-0.022524,0.214392),fov=25.000000,dt=0.016468},
	{cf=CFrame.new(4.421432,-1.856018,3.250589,0.205729,0.198980,0.958166,-0.064488,0.979739,-0.189613,-0.976482,-0.022782,0.214392),fov=25.000000,dt=0.016574},
	{cf=CFrame.new(4.422089,-1.856018,3.250595,0.205702,0.199007,0.958166,-0.064618,0.979730,-0.189613,-0.976479,-0.022911,0.214392),fov=25.000000,dt=0.016816},
	{cf=CFrame.new(4.422089,-1.856018,3.250595,0.205702,0.199007,0.958166,-0.064618,0.979730,-0.189613,-0.976479,-0.022911,0.214392),fov=25.000000,dt=0.016918},
	{cf=CFrame.new(4.422089,-1.856018,3.250595,0.205702,0.199007,0.958166,-0.064618,0.979730,-0.189613,-0.976479,-0.022911,0.214392),fov=25.000000,dt=0.016110},
	{cf=CFrame.new(4.422089,-1.856018,3.250595,0.205702,0.199007,0.958166,-0.064618,0.979730,-0.189613,-0.976479,-0.022911,0.214392),fov=25.000000,dt=0.017406},
	{cf=CFrame.new(4.422089,-1.856018,3.250595,0.205702,0.199007,0.958166,-0.064618,0.979730,-0.189613,-0.976479,-0.022911,0.214392),fov=25.000000,dt=0.015877},
	{cf=CFrame.new(4.422089,-1.856018,3.250595,0.205702,0.199007,0.958166,-0.064618,0.979730,-0.189613,-0.976479,-0.022911,0.214392),fov=25.000000,dt=0.017312},
	{cf=CFrame.new(4.422089,-1.856018,3.250595,0.205702,0.199007,0.958166,-0.064618,0.979730,-0.189613,-0.976479,-0.022911,0.214392),fov=25.000000,dt=0.016061},
	{cf=CFrame.new(4.422089,-1.856018,3.250595,0.205702,0.199007,0.958166,-0.064618,0.979730,-0.189613,-0.976479,-0.022911,0.214392),fov=25.000000,dt=0.022222},
	{cf=CFrame.new(4.422089,-1.856018,3.250595,0.205702,0.199007,0.958166,-0.064618,0.979730,-0.189613,-0.976479,-0.022911,0.214392),fov=25.000000,dt=0.026351},
	{cf=CFrame.new(4.422089,-1.856018,3.250595,0.205702,0.199007,0.958166,-0.064618,0.979730,-0.189613,-0.976479,-0.022911,0.214392),fov=25.000000,dt=0.019088},
	{cf=CFrame.new(4.422089,-1.856018,3.250595,0.205702,0.199007,0.958166,-0.064618,0.979730,-0.189613,-0.976479,-0.022911,0.214392),fov=25.000000,dt=0.020075},
	{cf=CFrame.new(4.422089,-1.856018,3.250595,0.205702,0.199007,0.958166,-0.064618,0.979730,-0.189613,-0.976479,-0.022911,0.214392),fov=25.000000,dt=0.018455},
	{cf=CFrame.new(4.422089,-1.856018,3.250595,0.205702,0.199007,0.958166,-0.064618,0.979730,-0.189613,-0.976479,-0.022911,0.214392),fov=25.000000,dt=0.017799},
	{cf=CFrame.new(4.422089,-1.856018,3.250595,0.205702,0.199007,0.958166,-0.064618,0.979730,-0.189613,-0.976479,-0.022911,0.214392),fov=25.000000,dt=0.018755},
	{cf=CFrame.new(4.422089,-1.856018,3.250595,0.205702,0.199007,0.958166,-0.064618,0.979730,-0.189613,-0.976479,-0.022911,0.214392),fov=25.000000,dt=0.018313},
	{cf=CFrame.new(4.422089,-1.856018,3.250595,0.205702,0.199007,0.958166,-0.064618,0.979730,-0.189613,-0.976479,-0.022911,0.214392),fov=25.000000,dt=0.019517},
	{cf=CFrame.new(4.422089,-1.856018,3.250595,0.205702,0.199007,0.958166,-0.064618,0.979730,-0.189613,-0.976479,-0.022911,0.214392),fov=25.000000,dt=0.018739},
	{cf=CFrame.new(4.422089,-1.856018,3.250595,0.205702,0.199007,0.958166,-0.064618,0.979730,-0.189613,-0.976479,-0.022911,0.214392),fov=25.000000,dt=0.017114},
	{cf=CFrame.new(4.422089,-1.856018,3.250595,0.205702,0.199007,0.958166,-0.064618,0.979730,-0.189613,-0.976479,-0.022911,0.214392),fov=25.000000,dt=0.013941},
	{cf=CFrame.new(4.422089,-1.856018,3.250595,0.205702,0.199007,0.958166,-0.064618,0.979730,-0.189613,-0.976479,-0.022911,0.214392),fov=25.000000,dt=0.018137},
	{cf=CFrame.new(4.422089,-1.856018,3.250595,0.205702,0.199007,0.958166,-0.064618,0.979730,-0.189613,-0.976479,-0.022911,0.214392),fov=25.000000,dt=0.017526},
	{cf=CFrame.new(4.422089,-1.856018,3.250595,0.205702,0.199007,0.958166,-0.064618,0.979730,-0.189613,-0.976479,-0.022911,0.214392),fov=25.000000,dt=0.024910},
	{cf=CFrame.new(4.422089,-1.856018,3.250595,0.205702,0.199007,0.958166,-0.064618,0.979730,-0.189613,-0.976479,-0.022911,0.214392),fov=25.000000,dt=0.065992},
	{cf=CFrame.new(18.515015,-2.189056,4.142681,0.218353,0.185038,0.958166,0.000000,0.981859,-0.189613,-0.975870,0.041403,0.214392),fov=70.000000,dt=0.069210},
	{cf=CFrame.new(18.515015,-2.186554,4.142693,0.218353,0.185038,0.958166,0.000000,0.981859,-0.189613,-0.975870,0.041403,0.214392),fov=70.000000,dt=0.063637},
	{cf=CFrame.new(18.515015,-2.184357,4.142750,0.218353,0.185038,0.958166,0.000000,0.981859,-0.189613,-0.975870,0.041403,0.214392),fov=70.000000,dt=0.043782},
	{cf=CFrame.new(18.515015,-2.182343,4.142754,0.218353,0.185038,0.958166,0.000000,0.981859,-0.189613,-0.975870,0.041403,0.214392),fov=70.000000,dt=0.027114},
	{cf=CFrame.new(18.515015,-2.180481,4.142757,0.218353,0.185038,0.958166,0.000000,0.981859,-0.189613,-0.975870,0.041403,0.214392),fov=70.000000,dt=0.024160},
	{cf=CFrame.new(18.515015,-2.178833,4.142761,0.218353,0.185038,0.958166,0.000000,0.981859,-0.189613,-0.975870,0.041403,0.214392),fov=70.000000,dt=0.022579},
	{cf=CFrame.new(18.515015,-2.177368,4.142761,0.218353,0.185038,0.958166,0.000000,0.981859,-0.189613,-0.975870,0.041403,0.214392),fov=70.000000,dt=0.015587},
	{cf=CFrame.new(18.515015,-2.176025,4.142765,0.218353,0.185038,0.958166,0.000000,0.981859,-0.189613,-0.975870,0.041403,0.214392),fov=70.000000,dt=0.015678},
	{cf=CFrame.new(18.515015,-2.174805,4.142765,0.218353,0.185038,0.958166,0.000000,0.981859,-0.189613,-0.975870,0.041403,0.214392),fov=70.000000,dt=0.016407},
	{cf=CFrame.new(18.515015,-2.173737,4.142769,0.218353,0.185038,0.958166,0.000000,0.981859,-0.189613,-0.975870,0.041403,0.214392),fov=70.000000,dt=0.016471},
	{cf=CFrame.new(18.515015,-2.172760,4.142769,0.218353,0.185038,0.958166,0.000000,0.981859,-0.189613,-0.975870,0.041403,0.214392),fov=70.000000,dt=0.015471},
	{cf=CFrame.new(18.515015,-2.171875,4.142773,0.218353,0.185038,0.958166,0.000000,0.981859,-0.189613,-0.975870,0.041403,0.214392),fov=70.000000,dt=0.016163},
	{cf=CFrame.new(18.515015,-2.171082,4.142773,0.218353,0.185038,0.958166,0.000000,0.981859,-0.189613,-0.975870,0.041403,0.214392),fov=70.000000,dt=0.014758},
	{cf=CFrame.new(18.515015,-2.170380,4.142773,0.218353,0.185038,0.958166,0.000000,0.981859,-0.189613,-0.975870,0.041403,0.214392),fov=70.000000,dt=0.021074},
	{cf=CFrame.new(18.515015,-2.169739,4.142776,0.218353,0.185038,0.958166,0.000000,0.981859,-0.189613,-0.975870,0.041403,0.214392),fov=70.000000,dt=0.019304},
	{cf=CFrame.new(18.515015,-2.169159,4.142776,0.218353,0.185038,0.958166,0.000000,0.981859,-0.189613,-0.975870,0.041403,0.214392),fov=70.000000,dt=0.017240},
	{cf=CFrame.new(18.515015,-2.168640,4.142776,0.218353,0.185038,0.958166,0.000000,0.981859,-0.189613,-0.975870,0.041403,0.214392),fov=70.000000,dt=0.017365},
	{cf=CFrame.new(18.515015,-2.168182,4.142776,0.218353,0.185038,0.958166,0.000000,0.981859,-0.189613,-0.975870,0.041403,0.214392),fov=70.000000,dt=0.014297},
	{cf=CFrame.new(18.515015,-2.167755,4.142780,0.218353,0.185038,0.958166,0.000000,0.981859,-0.189613,-0.975870,0.041403,0.214392),fov=70.000000,dt=0.016271},
	{cf=CFrame.new(18.515015,-2.167358,4.142780,0.218353,0.185038,0.958166,0.000000,0.981859,-0.189613,-0.975870,0.041403,0.214392),fov=70.000000,dt=0.017846},
}

local accumulated = 0
local index = 1
local smoothRootCF = root.CFrame

RunService:BindToRenderStep('FollowCinematic', Enum.RenderPriority.Camera.Value + 1, function(dt)

	accumulated += dt

	smoothRootCF = root.CFrame

	while frames[index] and accumulated >= frames[index].dt do

		accumulated -= frames[index].dt

		local f = frames[index]

		camera.CFrame = smoothRootCF * f.cf
		camera.FieldOfView = f.fov

		index += 1

	end

	if not frames[index] then
		RunService:UnbindFromRenderStep('FollowCinematic')
		camera.CameraType = Enum.CameraType.Custom
	end

end)
